county,year,litter,recycled,dumps,partners,volunteer_hours,county_road_miles,litter_per_mile,recycled_per_mile
Anderson,2019-2020,49916.0,39523.0,0,211,888.5,74.9,666.4352469959946,527.6769025367156
Anderson,2020-2021,35852.0,24566.0,31,137,275.0,74.9,478.66488651535377,327.9839786381842
Anderson,2021-2022,35312.0,30214.0,76,135,555.0,74.9,471.4552736982643,403.3911882510013
Anderson,2022-2023,30720.0,16864.0,55,271,746.5,74.9,410.14686248331105,225.15353805073428
Anderson,2023-2024,52969.0,18297.0,92,295,830.5,74.9,707.196261682243,244.28571428571428
Bedford,2019-2020,74672.0,31011.0,0,0,0.0,239.78,311.41880056718657,129.33105346567686
Bedford,2020-2021,45605.0,11667.0,0,0,0.0,239.78,190.19517891400452,48.65710234381516
Bedford,2021-2022,58605.0,15025.0,10,0,0.0,239.78,244.41154391525566,62.661606472599885
Bedford,2022-2023,108140.35,43585.0,37,0,0.0,239.78,450.99820668946535,181.77078989073317
Bedford,2023-2024,165960.0,50595.0,24,0,0.0,239.78,692.1344565852031,211.005922095254
Benton,2019-2020,37060.0,3056.0,39,0,0.0,83.3,444.8979591836735,36.68667466986795
Benton,2020-2021,46940.0,0.0,71,40,3.0,83.3,563.5054021608644,0.0
Benton,2021-2022,38984.0,0.0,1,0,0.0,83.3,467.9951980792317,0.0
Benton,2022-2023,26640.0,1.0,5,10,0.0,83.3,319.8079231692677,0.012004801920768308
Benton,2023-2024,16882.56,0.0,3,0,0.0,83.3,202.67178871548623,0.0
Bledsoe,2019-2020,55698.0,7342.0,0,0,0.0,2406.0,23.149625935162096,3.051537822111388
Bledsoe,2020-2021,51847.0,5099.0,0,0,0.0,2406.0,21.549044056525354,2.119285120532003
Bledsoe,2021-2022,87772.0,5097.0,2,0,0.0,2406.0,36.4804655029094,2.1184538653366585
Bledsoe,2022-2023,49947.0,4423.0,0,0,0.0,2406.0,20.75935162094763,1.8383208645054032
Bledsoe,2023-2024,48682.0,6942.0,0,0,0.0,2406.0,20.233582709891937,2.885286783042394
Blount,2019-2020,394400.0,0.0,110,312,801.0,151.0,2611.9205298013244,0.0
Blount,2020-2021,470200.0,0.0,139,581,1374.0,151.0,3113.907284768212,0.0
Blount,2021-2022,432340.0,0.0,153,553,1167.5,151.0,2863.17880794702,0.0
Blount,2022-2023,612160.0,0.0,137,603,1289.0,151.0,4054.0397350993376,0.0
Blount,2023-2024,384570.0,0.0,114,792,1616.0,151.0,2546.82119205298,0.0
Bradley,2019-2020,229420.0,19790.0,2,30,82.0,777.0,295.2638352638353,25.46975546975547
Bradley,2020-2021,232000.0,20030.0,0,0,0.0,777.0,298.5842985842986,25.778635778635778
Bradley,2021-2022,159580.0,11110.0,0,0,0.0,777.0,205.37966537966537,14.298584298584299
Bradley,2022-2023,180012.0,34000.0,10,21,126.6,777.0,231.67567567567568,43.758043758043755
Bradley,2023-2024,195720.0,13020.0,2,36,72.0,777.0,251.8918918918919,16.756756756756758
Campbell,2019-2020,74040.0,69720.0,50,502,3907.0,87.0,851.0344827586207,801.3793103448276
Campbell,2020-2021,61680.0,61680.0,53,40,1183.0,87.0,708.9655172413793,708.9655172413793
Campbell,2021-2022,56340.0,56340.0,28,275,2600.0,87.0,647.5862068965517,647.5862068965517
Campbell,2022-2023,68000.0,62285.0,36,243,1952.0,87.0,781.6091954022988,715.919540229885
Campbell,2023-2024,88580.0,90205.0,44,219,1778.0,87.0,1018.1609195402299,1036.83908045977
Cannon,2019-2020,68940.0,4.0,5,0,0.0,1497.0,46.052104208416836,0.0026720106880427524
Cannon,2020-2021,62480.0,0.0,0,0,0.0,1497.0,41.73680694722779,0.0
Cannon,2021-2022,66750.0,0.0,5,0,0.0,1497.0,44.589178356713425,0.0
Cannon,2022-2023,56850.0,0.0,0,0,0.0,1497.0,37.97595190380761,0.0
Cannon,2023-2024,59200.0,0.0,0,0,0.0,1497.0,39.54575818303273,0.0
Carroll,2019-2020,78240.68,315.0,16,1,1.0,49.0,1596.7485714285713,6.428571428571429
Carroll,2020-2021,11920.0,288.0,11,0,0.0,49.0,243.26530612244898,5.877551020408164
Carroll,2021-2022,5830.6,162.0,13,0,0.0,49.0,118.99183673469389,3.306122448979592
Carroll,2022-2023,28120.0,218.0,4,0,0.0,49.0,573.8775510204082,4.448979591836735
Carroll,2023-2024,0.0,0.0,0,0,0.0,49.0,0.0,0.0
Carter,2019-2020,65942.0,70752.0,20,0,0.0,2161.0,30.51457658491439,32.7403979639056
Carter,2020-2021,69100.0,60267.0,54,0,0.0,2161.0,31.975937066173067,27.88847755668672
Carter,2021-2022,23680.0,9520.0,21,0,0.0,2161.0,10.95788986580287,4.405367885238316
Carter,2022-2023,151810.0,151810.0,92,0,0.0,2161.0,70.24988431281814,70.24988431281814
Carter,2023-2024,179980.0,151680.0,73,0,0.0,2161.0,83.28551596483109,70.1897269782508
Cheatham,2019-2020,135044.0,0.0,316,0,0.0,1785.0,75.65490196078431,0.0
Cheatham,2020-2021,133900.0,0.0,333,0,0.0,1785.0,75.0140056022409,0.0
Cheatham,2021-2022,158376.0,0.0,366,0,0.0,1785.0,88.72605042016806,0.0
Cheatham,2022-2023,139850.0,0.0,257,0,0.0,1785.0,78.34733893557423,0.0
Cheatham,2023-2024,108830.0,0.0,101,0,0.0,1785.0,60.969187675070025,0.0
Chester,2019-2020,106520.0,2639.0,45,0,0.0,253.0,421.02766798418975,10.430830039525691
Chester,2020-2021,93100.0,2120.0,24,0,0.0,253.0,367.9841897233202,8.379446640316205
Chester,2021-2022,80861.0,2401.0,12,10,8.0,253.0,319.60869565217394,9.4901185770751
Chester,2022-2023,64712.0,691.0,15,64,8.5,253.0,255.77865612648222,2.731225296442688
Chester,2023-2024,50937.0,1110.0,9,0,0.0,253.0,201.3320158102767,4.387351778656127
Claiborne,2019-2020,557460.0,20962.0,15,0,0.0,1508.0,369.6684350132626,13.90053050397878
Claiborne,2020-2021,274240.0,20898.0,2,0,0.0,1508.0,181.85676392572944,13.858090185676392
Claiborne,2021-2022,324960.0,23930.0,6,0,0.0,1508.0,215.49071618037135,15.86870026525199
Claiborne,2022-2023,348000.0,24015.0,0,0,0.0,1508.0,230.76923076923077,15.925066312997348
Claiborne,2023-2024,397320.0,23973.0,0,0,0.0,1508.0,263.47480106100795,15.897214854111406
Clay,2019-2020,6678.0,2797.0,0,48,120.0,233.0,28.660944206008583,12.004291845493562
Clay,2020-2021,1155.0,1421.0,0,48,120.0,233.0,4.957081545064377,6.098712446351931
Clay,2021-2022,600.0,751.0,0,44,120.0,233.0,2.575107296137339,3.223175965665236
Clay,2022-2023,656.0,655.0,1,41,114.0,233.0,2.815450643776824,2.811158798283262
Clay,2023-2024,474.0,787.0,0,50,120.0,233.0,2.0343347639484977,3.3776824034334765
Cocke,2019-2020,130960.0,179600.0,18,12,12.0,116.0,1128.9655172413793,1548.2758620689656
Cocke,2020-2021,185559.0,161462.0,35,0,0.0,116.0,1599.646551724138,1391.9137931034484
Cocke,2021-2022,454132.5,305147.5,44,0,0.0,116.0,3914.935344827586,2630.581896551724
Cocke,2022-2023,359959.0,359959.0,17,228,540.0,116.0,3103.094827586207,3103.094827586207
Cocke,2023-2024,219144.0,3460.0,20,228,540.0,116.0,1889.1724137931035,29.82758620689655
Coffee,2019-2020,245560.0,48.0,0,0,0.0,79.73,3079.894644424934,0.602031857519127
Coffee,2020-2021,217462.0,21.0,0,0,0.0,79.73,2727.480245829675,0.2633889376646181
Coffee,2021-2022,233560.0,0.0,0,0,0.0,79.73,2929.3866800451524,0.0
Coffee,2022-2023,224960.0,0.0,0,0,0.0,79.73,2821.5226389063087,0.0
Coffee,2023-2024,223540.0,0.0,0,0,0.0,79.73,2803.7125297880343,0.0
Crockett,2019-2020,12634.0,4075.0,1,0,0.0,435.0,29.04367816091954,9.367816091954023
Crockett,2020-2021,5799.0,2730.0,1,0,0.0,435.0,13.331034482758621,6.275862068965517
Crockett,2021-2022,6939.0,4220.0,0,0,0.0,435.0,15.951724137931034,9.701149425287356
Crockett,2022-2023,4990.25,2670.0,2,0,0.0,435.0,11.47183908045977,6.137931034482759
Crockett,2023-2024,5195.0,3230.0,2,0,0.0,435.0,11.942528735632184,7.425287356321839
Cumberland,2019-2020,119100.0,119100.0,95,96,50.0,1080.0,110.27777777777777,110.27777777777777
Cumberland,2020-2021,140530.0,146969.0,87,320,66.0,1080.0,130.12037037037038,136.0824074074074
Cumberland,2021-2022,167780.0,174080.0,81,3,1.5,1080.0,155.35185185185185,161.1851851851852
Cumberland,2022-2023,151415.0,149285.0,61,0,0.0,1080.0,140.19907407407408,138.22685185185185
Cumberland,2023-2024,126850.0,130575.0,63,0,0.0,1080.0,117.45370370370371,120.90277777777777
Davidson,2019-2020,4633640.0,0.0,0,106,3793.0,12948.0,357.8653073833797,0.0
Davidson,2020-2021,3458140.0,0.0,0,108,2912.0,12948.0,267.0790855730615,0.0
Davidson,2021-2022,2920500.0,0.0,0,3497,5503.5,12948.0,225.5560704355885,0.0
Davidson,2022-2023,3915460.0,0.0,0,4080,11550.0,12948.0,302.39882607352484,0.0
Davidson,2023-2024,4504900.0,0.0,0,1722,6823.9,12948.0,347.9224590670374,0.0
DeKalb,2019-2020,203760.0,64280.0,0,0,0.0,2230.0,91.37219730941705,28.82511210762332
DeKalb,2020-2021,268225.0,0.0,0,0,0.0,2230.0,120.28026905829596,0.0
DeKalb,2021-2022,165250.0,0.0,0,0,0.0,2230.0,74.10313901345292,0.0
DeKalb,2022-2023,241622.0,0.0,2,0,0.0,2230.0,108.3506726457399,0.0
DeKalb,2023-2024,316300.0,0.0,0,0,0.0,2230.0,141.83856502242153,0.0
Decatur,2019-2020,66009.0,58584.0,2,0,0.0,413.41,159.66957741709197,141.7091991001669
Decatur,2020-2021,70620.0,70620.0,0,0,0.0,413.41,170.82315376986526,170.82315376986526
Decatur,2021-2022,84606.0,84606.0,0,0,0.0,413.41,204.65397547229142,204.65397547229142
Decatur,2022-2023,133970.0,133970.0,0,0,0.0,413.41,324.06085967925304,324.06085967925304
Decatur,2023-2024,69697.0,69697.0,0,0,0.0,413.41,168.5905033743741,168.5905033743741
Dickson,2019-2020,266740.0,530.0,50,0,0.0,98.8,2699.7975708502026,5.364372469635628
Dickson,2020-2021,226620.0,937.0,90,0,0.0,98.8,2293.724696356275,9.483805668016194
Dickson,2021-2022,208898.0,677.0,107,0,0.0,98.8,2114.3522267206476,6.852226720647773
Dickson,2022-2023,190180.0,1071.0,197,0,0.0,98.8,1924.8987854251013,10.84008097165992
Dickson,2023-2024,221890.0,568.0,147,0,0.0,98.8,2245.8502024291497,5.748987854251013
Dyer,2019-2020,115928.5,115928.5,10,0,0.0,145.0,799.5068965517241,799.5068965517241
Dyer,2020-2021,155975.0,155475.0,14,2,0.0,145.0,1075.6896551724137,1072.2413793103449
Dyer,2021-2022,107287.0,107287.0,1,0,0.0,145.0,739.9103448275862,739.9103448275862
Dyer,2022-2023,61140.0,55605.0,7,0,0.0,145.0,421.6551724137931,383.48275862068965
Dyer,2023-2024,61628.0,61628.0,3,0,0.0,145.0,425.0206896551724,425.0206896551724
Fayette,2019-2020,63780.0,0.0,21,15,71.0,113.07,564.0753515521359,0.0
Fayette,2020-2021,91080.0,0.0,15,1,16.0,113.07,805.5187052268507,0.0
Fayette,2021-2022,79400.0,0.0,3,0,0.0,113.07,702.2198638011852,0.0
Fayette,2022-2023,71900.0,0.0,0,0,0.0,113.07,635.8892721323075,0.0
Fayette,2023-2024,97960.0,0.0,1,0,0.0,113.07,866.3659679844345,0.0
Fentress,2019-2020,112962.5,0.0,1,0,0.0,220.0,513.4659090909091,0.0
Fentress,2020-2021,138141.0,0.0,0,0,0.0,220.0,627.9136363636363,0.0
Fentress,2021-2022,145321.0,0.0,0,0,0.0,220.0,660.55,0.0
Fentress,2022-2023,184832.0,21.3,1,18,4.0,220.0,840.1454545454545,0.09681818181818182
Fentress,2023-2024,102735.0,0.0,0,0,0.0,220.0,466.97727272727275,0.0
Franklin,2019-2020,246020.0,1.0,25,0,0.0,2480.0,99.20161290322581,0.0004032258064516129
Franklin,2020-2021,92700.0,0.0,45,0,0.0,2480.0,37.37903225806452,0.0
Franklin,2021-2022,37960.0,0.0,11,0,0.0,2480.0,15.306451612903226,0.0
Franklin,2022-2023,91800.0,0.0,14,0,0.0,2480.0,37.016129032258064,0.0
Franklin,2023-2024,243870.0,0.0,0,0,0.0,2480.0,98.33467741935483,0.0
Gibson,2019-2020,92550.0,66680.0,64,0,0.0,134.52,688.0017841213202,495.688373476063
Gibson,2020-2021,96960.0,0.0,54,0,0.0,134.52,720.7850133809098,0.0
Gibson,2021-2022,75940.0,0.0,60,0,0.0,134.52,564.5257210823669,0.0
Gibson,2022-2023,98990.0,0.0,49,0,0.0,134.52,735.8757062146892,0.0
Gibson,2023-2024,111510.0,0.0,29,0,0.0,134.52,828.9473684210526,0.0
Giles,2019-2020,58020.0,170.0,37,14,14.0,404.0,143.6138613861386,0.4207920792079208
Giles,2020-2021,51360.0,93.0,30,41,33.0,404.0,127.12871287128714,0.2301980198019802
Giles,2021-2022,76240.0,10.0,22,316,66.0,404.0,188.7128712871287,0.024752475247524754
Giles,2022-2023,79380.0,0.0,43,33,122.0,404.0,196.4851485148515,0.0
Giles,2023-2024,58690.0,295.0,67,3,0.0,404.0,145.27227722772278,0.7301980198019802
Grainger,2019-2020,83380.0,83380.0,22,0,0.0,162.9,511.8477593615715,511.8477593615715
Grainger,2020-2021,49980.0,29920.0,0,0,0.0,162.9,306.81399631675873,183.670963781461
Grainger,2021-2022,164780.0,164780.0,3,0,0.0,162.9,1011.5408225905463,1011.5408225905463
Grainger,2022-2023,140466.0,141466.0,22,0,0.0,162.9,862.2836095764272,868.4223449969306
Grainger,2023-2024,171264.0,153036.0,24,0,0.0,162.9,1051.3443830570902,939.4475138121546
Greene,2019-2020,652793.0,102415.0,63,448,453.0,92.5,7057.221621621622,1107.1891891891892
Greene,2020-2021,635395.0,96545.0,62,218,216.0,92.5,6869.135135135135,1043.7297297297298
Greene,2021-2022,604150.0,91134.0,62,275,283.0,92.5,6531.351351351352,985.2324324324325
Greene,2022-2023,771340.0,97390.0,89,204,235.0,92.5,8338.81081081081,1052.8648648648648
Greene,2023-2024,675765.0,92415.0,76,302,367.0,92.5,7305.5675675675675,999.081081081081
Grundy,2019-2020,102650.0,0.0,0,0,0.0,930.0,110.3763440860215,0.0
Grundy,2020-2021,111100.0,0.0,0,0,0.0,930.0,119.46236559139786,0.0
Grundy,2021-2022,72800.0,0.0,0,0,0.0,930.0,78.27956989247312,0.0
Grundy,2022-2023,66000.0,0.0,0,0,0.0,930.0,70.96774193548387,0.0
Grundy,2023-2024,54760.0,0.0,0,0,0.0,930.0,58.88172043010753,0.0
Hamblen,2019-2020,55720.0,35100.0,3,278,705.1,548.7,101.54911609258247,63.969382176052484
Hamblen,2020-2021,60040.0,175412.0,1,243,429.75,548.7,109.42227082194276,319.6865318024421
Hamblen,2021-2022,54731.0,8897.0,1,214,627.0,548.7,99.74667395662475,16.214689265536723
Hamblen,2022-2023,81660.0,71544.0,0,302,597.0,548.7,148.824494259158,130.38819026790594
Hamblen,2023-2024,74120.0,0.0,1,253,730.5,548.7,135.08292327319117,0.0
Hamilton,2019-2020,134651.65,0.0,0,4324,10824.0,52.8,2550.220643939394,0.0
Hamilton,2020-2021,108395.0,0.0,0,2159,8969.0,52.8,2052.935606060606,0.0
Hamilton,2021-2022,160972.0,0.0,0,3053,11388.0,52.8,3048.7121212121215,0.0
Hamilton,2022-2023,185707.0,1.0,0,3696,15118.0,52.8,3517.1780303030305,0.01893939393939394
Hamilton,2023-2024,198338.0,0.0,0,1873,10008.0,52.8,3756.4015151515155,0.0
Hancock,2019-2020,82840.0,82840.0,0,0,0.0,97.8,847.0347648261759,847.0347648261759
Hancock,2020-2021,83290.0,83290.0,0,0,0.0,97.8,851.6359918200409,851.6359918200409
Hancock,2021-2022,48945.0,48945.0,0,0,0.0,97.8,500.46012269938655,500.46012269938655
Hancock,2022-2023,75892.0,75892.0,3,0,0.0,97.8,775.9918200408998,775.9918200408998
Hancock,2023-2024,37063.0,37063.0,2,0,0.0,97.8,378.9672801635992,378.9672801635992
Hardeman,2019-2020,0.0,0.0,0,0,0.0,1107.0,0.0,0.0
Hardeman,2020-2021,1720.0,0.0,0,0,0.0,1107.0,1.5537488708220415,0.0
Hardeman,2021-2022,8285.0,0.0,4,0,0.0,1107.0,7.484191508581753,0.0
Hardeman,2022-2023,249180.0,0.0,3,27,18.0,1107.0,225.09485094850947,0.0
Hardeman,2023-2024,167800.0,0.0,1,1,81.0,1107.0,151.58084914182476,0.0
Hardin,2019-2020,70005.0,14344.0,0,0,0.0,87.8,797.3234624145786,163.37129840546697
Hardin,2020-2021,64440.0,0.0,0,0,0.0,87.8,733.9407744874716,0.0
Hardin,2021-2022,44340.0,0.0,0,0,0.0,87.8,505.0113895216401,0.0
Hardin,2022-2023,62475.0,0.0,0,0,0.0,87.8,711.5603644646925,0.0
Hardin,2023-2024,76924.0,0.0,0,0,0.0,87.8,876.1275626423691,0.0
Hawkins,2019-2020,179310.0,0.0,1,16,64.0,76.9,2331.7295188556564,0.0
Hawkins,2020-2021,158775.0,0.0,0,158,450.0,76.9,2064.6944083224967,0.0
Hawkins,2021-2022,102084.0,0.0,0,52,156.0,76.9,1327.4902470741222,0.0
Hawkins,2022-2023,107416.0,0.0,0,48,240.0,76.9,1396.8270481144343,0.0
Hawkins,2023-2024,136476.0,0.0,0,52,253.0,76.9,1774.7204161248374,0.0
Haywood,2019-2020,114140.0,50320.0,0,0,0.0,28.0,4076.4285714285716,1797.142857142857
Haywood,2020-2021,148436.0,54520.0,0,15,5.0,28.0,5301.285714285715,1947.142857142857
Haywood,2021-2022,156800.0,57440.0,4,22,11.0,28.0,5600.0,2051.4285714285716
Haywood,2022-2023,98900.0,28520.0,10,0,0.0,28.0,3532.1428571428573,1018.5714285714286
Haywood,2023-2024,154160.0,51760.0,3,0,0.0,28.0,5505.714285714285,1848.5714285714287
Henderson,2019-2020,114505.0,114505.0,15,0,0.0,162.0,706.820987654321,706.820987654321
Henderson,2020-2021,56084.0,56084.0,26,0,0.0,162.0,346.1975308641975,346.1975308641975
Henderson,2021-2022,36039.0,39594.0,0,0,0.0,162.0,222.46296296296296,244.40740740740742
Henderson,2022-2023,7449.0,6804.0,2,13,4.0,162.0,45.98148148148148,42.0
Henderson,2023-2024,3000.0,2556.0,0,0,0.0,162.0,18.51851851851852,15.777777777777779
Henry,2019-2020,52055.0,0.0,12,19,325.0,101.0,515.3960396039604,0.0
Henry,2020-2021,41860.0,0.0,1,26,91.0,101.0,414.45544554455444,0.0
Henry,2021-2022,42540.0,50.0,2,34,150.0,101.0,421.18811881188117,0.49504950495049505
Henry,2022-2023,44500.0,0.0,4,37,158.0,101.0,440.5940594059406,0.0
Henry,2023-2024,23180.42,0.0,5,42,126.0,101.0,229.50910891089106,0.0
Hickman,2019-2020,344660.0,364060.0,634,0,0.0,68.0,5068.529411764706,5353.823529411765
Hickman,2020-2021,251060.0,217693.0,273,0,0.0,68.0,3692.0588235294117,3201.3676470588234
Hickman,2021-2022,74280.0,74280.0,5,0,0.0,68.0,1092.3529411764705,1092.3529411764705
Hickman,2022-2023,106799.0,103339.0,0,0,0.0,68.0,1570.5735294117646,1519.6911764705883
Hickman,2023-2024,53410.0,51390.0,0,0,0.0,68.0,785.4411764705883,755.7352941176471
Houston,2019-2020,36103.0,1532.0,11,0,0.0,381.0,94.75853018372703,4.020997375328084
Houston,2020-2021,2368.0,2400.0,12,0,0.0,381.0,6.215223097112861,6.299212598425197
Houston,2021-2022,1633.0,0.0,9,0,0.0,381.0,4.286089238845144,0.0
Houston,2022-2023,3241.0,0.0,0,0,0.0,381.0,8.506561679790027,0.0
Houston,2023-2024,2375.5,0.0,0,0,0.0,381.0,6.2349081364829395,0.0
Humphreys,2019-2020,27302.0,0.0,2,0,0.0,79.9,341.70212765957444,0.0
Humphreys,2020-2021,73572.0,0.0,12,0,0.0,79.9,920.8010012515643,0.0
Humphreys,2021-2022,344770.0,0.0,0,0,0.0,79.9,4315.018773466833,0.0
Humphreys,2022-2023,291468.0,0.0,0,0,0.0,79.9,3647.909887359199,0.0
Humphreys,2023-2024,156316.0,0.0,4,4,20.0,79.9,1956.3954943679598,0.0
Jackson,2019-2020,49371.16,36.0,3,0,0.0,17641.0,2.7986599399127035,0.0020407006405532566
Jackson,2020-2021,65207.0,0.0,0,0,0.0,17641.0,3.6963324074598947,0.0
Jackson,2021-2022,55029.0,21040.0,0,0,0.0,17641.0,3.1193809874723657,1.19267615214557
Jackson,2022-2023,173736.0,0.0,0,0,0.0,17641.0,9.848421291310016,0.0
Jackson,2023-2024,209552.0,0.0,1,0,0.0,17641.0,11.87869168414489,0.0
Jefferson,2019-2020,141480.0,3825.0,0,0,0.0,97.19,1455.7053194773125,39.35590081284083
Jefferson,2020-2021,90670.0,2665.0,0,0,0.0,97.19,932.9149089412491,27.420516514044657
Jefferson,2021-2022,89220.0,2398.0,0,0,0.0,97.19,917.9956785677539,24.673320300442434
Jefferson,2022-2023,82920.0,1750.0,0,0,0.0,97.19,853.174194876016,18.005967692149397
Jefferson,2023-2024,58680.0,1350.0,0,0,0.0,97.19,603.7658195287581,13.890317933943821
Johnson,2019-2020,16980.0,1.0,15,0,0.0,41.0,414.1463414634146,0.024390243902439025
Johnson,2020-2021,13740.0,0.0,8,0,0.0,41.0,335.1219512195122,0.0
Johnson,2021-2022,32510.0,125.0,41,30,120.0,41.0,792.9268292682926,3.048780487804878
Johnson,2022-2023,31030.0,0.0,21,18,70.0,41.0,756.829268292683,0.0
Johnson,2023-2024,53360.0,0.0,19,0,0.0,41.0,1301.4634146341464,0.0
Knox,2019-2020,116608.0,44876.0,271,0,0.0,118.3,985.6973795435334,379.34065934065933
Knox,2020-2021,168711.0,33150.0,232,0,0.0,118.3,1426.1284868977177,280.2197802197802
Knox,2021-2022,157566.0,35908.0,197,0,0.0,118.3,1331.918850380389,303.53338968723585
Knox,2022-2023,121735.0,61062.0,260,0,0.0,118.3,1029.0363482671175,516.1622992392223
Knox,2023-2024,98454.0,48610.0,227,0,0.0,118.3,832.240067624683,410.9044801352494
Lake,2019-2020,37370.0,67370.0,0,0,0.0,282.0,132.5177304964539,238.90070921985816
Lake,2020-2021,41595.0,40745.0,0,0,0.0,282.0,147.5,144.48581560283688
Lake,2021-2022,41210.0,41210.0,0,0,0.0,282.0,146.13475177304966,146.13475177304966
Lake,2022-2023,37270.0,36055.0,0,0,0.0,282.0,132.1631205673759,127.85460992907801
Lake,2023-2024,43935.0,36915.0,0,0,0.0,282.0,155.79787234042553,130.90425531914894
Lauderdale,2019-2020,159730.0,6481.0,44,0,0.0,1343.0,118.93521965748324,4.825763216679077
Lauderdale,2020-2021,140895.0,6393.0,20,0,0.0,1343.0,104.91064780342516,4.7602382725242
Lauderdale,2021-2022,129723.5,6073.1,0,0,0.0,1343.0,96.59233060312732,4.522040208488459
Lauderdale,2022-2023,187751.0,7746.5,0,0,0.0,1343.0,139.79970215934475,5.768056589724497
Lauderdale,2023-2024,169908.0,7816.1,0,0,0.0,1343.0,126.51377513030529,5.8198808637379
Lawrence,2019-2020,63446.0,0.0,0,0,0.0,52.0,1220.1153846153845,0.0
Lawrence,2020-2021,51570.0,0.0,0,0,0.0,52.0,991.7307692307693,0.0
Lawrence,2021-2022,43166.0,0.0,0,0,0.0,52.0,830.1153846153846,0.0
Lawrence,2022-2023,40480.0,0.0,0,0,0.0,52.0,778.4615384615385,0.0
Lawrence,2023-2024,39000.0,0.0,0,0,0.0,52.0,750.0,0.0
Lewis,2019-2020,264815.0,304.0,16,0,0.0,7334.0,36.10785383146987,0.04145077720207254
Lewis,2020-2021,216770.0,239.0,57,0,0.0,7334.0,29.556858467412052,0.03258794655031361
Lewis,2021-2022,228300.0,0.0,302,0,0.0,7334.0,31.12898827379329,0.0
Lewis,2022-2023,369480.0,0.0,477,0,0.0,7334.0,50.37905644941369,0.0
Lewis,2023-2024,192119.0,0.0,2,0,0.0,7334.0,26.195664030542677,0.0
Lincoln,2019-2020,63890.0,0.0,30,0,0.0,78.5,813.8853503184713,0.0
Lincoln,2020-2021,0.0,0.0,0,0,0.0,78.5,0.0,0.0
Lincoln,2021-2022,81560.0,0.0,27,0,0.0,78.5,1038.9808917197452,0.0
Lincoln,2022-2023,141960.0,0.0,128,0,0.0,78.5,1808.407643312102,0.0
Lincoln,2023-2024,227600.0,0.0,102,0,0.0,78.5,2899.3630573248406,0.0
Loudon,2019-2020,183142.0,0.0,0,0,0.0,74.7,2451.7001338688083,0.0
Loudon,2020-2021,122498.0,0.0,0,0,0.0,74.7,1639.8661311914323,0.0
Loudon,2021-2022,125050.0,0.0,0,0,0.0,74.7,1674.0294511378847,0.0
Loudon,2022-2023,238542.0,130680.0,0,0,0.0,74.7,3193.333333333333,1749.3975903614457
Loudon,2023-2024,157116.0,0.0,0,0,0.0,74.7,2103.293172690763,0.0
Macon,2019-2020,43708.0,1348.0,0,0,0.0,16.0,2731.75,84.25
Macon,2020-2021,49300.0,4820.0,2,0,0.0,16.0,3081.25,301.25
Macon,2021-2022,71221.0,500.0,0,0,0.0,16.0,4451.3125,31.25
Macon,2022-2023,85729.0,0.0,1,0,0.0,16.0,5358.0625,0.0
Macon,2023-2024,75735.0,0.0,0,0,0.0,16.0,4733.4375,0.0
Madison,2019-2020,109160.0,108480.0,32,0,0.0,94.0,1161.276595744681,1154.0425531914893
Madison,2020-2021,139540.0,131540.0,14,0,0.0,94.0,1484.468085106383,1399.3617021276596
Madison,2021-2022,103010.0,103010.0,6,0,0.0,94.0,1095.8510638297873,1095.8510638297873
Madison,2022-2023,101081.0,37552.0,43,54,16.0,94.0,1075.3297872340424,399.48936170212767
Madison,2023-2024,75540.0,0.0,100,47,47.0,94.0,803.6170212765958,0.0
Marion,2019-2020,140900.0,0.0,1,29,18.0,1540.0,91.49350649350649,0.0
Marion,2020-2021,235480.0,0.0,0,9,15.0,1540.0,152.9090909090909,0.0
Marion,2021-2022,164640.0,0.0,0,9,10.0,1540.0,106.9090909090909,0.0
Marion,2022-2023,84280.0,0.0,10,12,12.0,1540.0,54.72727272727273,0.0
Marion,2023-2024,87060.0,0.0,0,12,12.0,1540.0,56.532467532467535,0.0
Marshall,2019-2020,12730.0,4498.0,313,0,0.0,84.0,151.54761904761904,53.54761904761905
Marshall,2020-2021,9923.0,3991.0,4,0,0.0,84.0,118.13095238095238,47.51190476190476
Marshall,2021-2022,9656.0,577.0,3,60,120.0,84.0,114.95238095238095,6.869047619047619
Marshall,2022-2023,10459.0,2075.0,8,0,0.0,84.0,124.51190476190476,24.702380952380953
Marshall,2023-2024,8315.93,977.0,31,0,0.0,84.0,98.99916666666667,11.630952380952381
Maury,2019-2020,157087.0,11582.0,11,45,204.0,186.13,843.9638962015796,62.22532638478483
Maury,2020-2021,193660.0,12.0,3,40,240.0,186.13,1040.4555955514963,0.06447106860796217
Maury,2021-2022,136028.0,4.0,2,50,350.0,186.13,730.8225433836566,0.02149035620265406
Maury,2022-2023,110363.0,1.0,1,0,0.0,186.13,592.9350453983775,0.005372589050663515
Maury,2023-2024,171015.0,0.0,0,0,60.0,186.13,918.793316499221,0.0
McMinn,2019-2020,167040.0,0.0,0,199,441.0,1244.0,134.2765273311897,0.0
McMinn,2020-2021,124093.0,0.0,0,5,45.0,1244.0,99.7532154340836,0.0
McMinn,2021-2022,119460.0,0.0,0,0,0.0,1244.0,96.02893890675242,0.0
McMinn,2022-2023,75200.0,0.0,3,0,0.0,1244.0,60.450160771704184,0.0
McMinn,2023-2024,90966.0,0.0,30,0,0.0,1244.0,73.12379421221866,0.0
McNairy,2019-2020,3300.0,2300.0,2,0,0.0,400.0,8.25,5.75
McNairy,2020-2021,11925.0,10889.0,14,0,0.0,400.0,29.8125,27.2225
McNairy,2021-2022,5638.0,4866.0,7,0,0.0,400.0,14.095,12.165
McNairy,2022-2023,15205.0,9430.0,22,0,0.0,400.0,38.0125,23.575
McNairy,2023-2024,33919.0,15269.0,52,0,0.0,400.0,84.7975,38.1725
Meigs,2019-2020,142870.0,2.0,26,0,0.0,365.4,390.9961685823755,0.005473453749315818
Meigs,2020-2021,227090.4,0.0,76,0,0.0,365.4,621.4844006568145,0.0
Meigs,2021-2022,209380.0,0.0,64,0,0.0,365.4,573.015873015873,0.0
Meigs,2022-2023,226700.0,0.0,84,0,0.0,365.4,620.415982484948,0.0
Meigs,2023-2024,187100.0,0.0,126,0,0.0,365.4,512.0415982484948,0.0
Monroe,2019-2020,322070.0,8152.0,16,0,0.0,268.3,1200.4099888184867,30.3838986209467
Monroe,2020-2021,383705.0,30915.0,151,0,0.0,268.3,1430.1341781587773,115.22549385016772
Monroe,2021-2022,665512.0,35242.0,58,0,0.0,268.3,2480.4770778978755,131.35296310100634
Monroe,2022-2023,320705.0,16700.0,158,0,0.0,268.3,1195.3224002981735,62.24375698844577
Monroe,2023-2024,247720.0,15155.0,76,0,0.0,268.3,923.2948192322027,56.485277674245246
Montgomery,2019-2020,114089.75,179636.75,144,0,0.0,16.2,7042.577160493827,11088.688271604939
Montgomery,2020-2021,150628.0,148928.0,121,0,0.0,16.2,9298.024691358025,9193.086419753086
Montgomery,2021-2022,118280.0,118280.0,94,0,0.0,16.2,7301.234567901235,7301.234567901235
Montgomery,2022-2023,117525.0,109923.0,145,24,6.0,16.2,7254.62962962963,6785.37037037037
Montgomery,2023-2024,53266.0,53266.0,180,0,0.0,16.2,3288.024691358025,3288.024691358025
Moore,2019-2020,51581.0,221.6,0,0,0.0,23.05,2237.7874186550976,9.613882863340564
Moore,2020-2021,39245.0,223.0,0,0,0.0,23.05,1702.6030368763556,9.674620390455532
Moore,2021-2022,32650.0,209.0,0,0,0.0,23.05,1416.4859002169196,9.067245119305857
Moore,2022-2023,42160.0,277.0,0,0,0.0,23.05,1829.0672451193059,12.017353579175705
Moore,2023-2024,29061.0,171.4,1,0,0.0,23.05,1260.7809110629066,7.436008676789588
Morgan,2019-2020,27426.0,287.0,4,0,0.0,44.0,623.3181818181819,6.5227272727272725
Morgan,2020-2021,16448.0,414.0,0,0,0.0,44.0,373.8181818181818,9.409090909090908
Morgan,2021-2022,18643.0,380.0,3,1,5.0,44.0,423.70454545454544,8.636363636363637
Morgan,2022-2023,20565.0,770.0,26,0,0.0,44.0,467.3863636363636,17.5
Morgan,2023-2024,26976.0,1181.0,3,0,0.0,44.0,613.0909090909091,26.84090909090909
Obion,2019-2020,30380.0,332.0,0,0,0.0,130.0,233.69230769230768,2.5538461538461537
Obion,2020-2021,12400.0,0.0,0,0,0.0,130.0,95.38461538461539,0.0
Obion,2021-2022,14600.0,0.0,0,0,0.0,130.0,112.3076923076923,0.0
Obion,2022-2023,23220.0,124.0,1,0,0.0,130.0,178.6153846153846,0.9538461538461539
Obion,2023-2024,18280.0,756.0,0,0,0.0,130.0,140.6153846153846,5.815384615384615
Overton,2019-2020,203160.0,0.0,35,0,0.0,136.4,1489.4428152492667,0.0
Overton,2020-2021,175700.0,0.0,29,0,0.0,136.4,1288.123167155425,0.0
Overton,2021-2022,167500.0,1.0,25,0,0.0,136.4,1228.0058651026393,0.007331378299120234
Overton,2022-2023,142880.0,0.0,12,0,0.0,136.4,1047.507331378299,0.0
Overton,2023-2024,143100.0,0.0,20,0,0.0,136.4,1049.1202346041055,0.0
Perry,2019-2020,8252.0,7452.0,0,0,0.0,1620.0,5.093827160493827,4.6
Perry,2020-2021,4680.0,4680.0,0,0,0.0,1620.0,2.888888888888889,2.888888888888889
Perry,2021-2022,4073.0,4073.0,0,0,0.0,1620.0,2.5141975308641977,2.5141975308641977
Perry,2022-2023,2301.0,2278.0,0,0,0.0,1620.0,1.4203703703703703,1.4061728395061728
Perry,2023-2024,2784.0,2519.0,0,0,0.0,1620.0,1.7185185185185186,1.5549382716049382
Pickett,2019-2020,39220.0,0.0,0,0,0.0,108.25,362.3094688221709,0.0
Pickett,2020-2021,38900.0,0.0,1,0,0.0,108.25,359.3533487297922,0.0
Pickett,2021-2022,40300.0,0.0,0,0,0.0,108.25,372.2863741339492,0.0
Pickett,2022-2023,46540.0,0.0,0,0,0.0,108.25,429.9307159353349,0.0
Pickett,2023-2024,38380.0,2.0,3,10,13.0,108.25,354.54965357967666,0.018475750577367205
Polk,2019-2020,8800.0,0.0,9,0,0.0,152.0,57.89473684210526,0.0
Polk,2020-2021,3725.0,0.0,4,12,8.5,152.0,24.50657894736842,0.0
Polk,2021-2022,45604.65,0.0,7,203,512.0,152.0,300.03059210526317,0.0
Polk,2022-2023,39170.0,0.0,7,207,309.0,152.0,257.69736842105266,0.0
Polk,2023-2024,29770.0,0.0,4,307,259.0,152.0,195.85526315789474,0.0
Putnam,2019-2020,76777.0,76187.0,13,963,1293.5,559.0,137.34704830053667,136.29159212880143
Putnam,2020-2021,87313.0,87313.0,1,386,651.0,559.0,156.19499105545617,156.19499105545617
Putnam,2021-2022,118140.0,107800.0,4,679,1083.0,559.0,211.34168157423971,192.8443649373882
Putnam,2022-2023,113500.0,113500.0,2,620,876.5,559.0,203.04114490161,203.04114490161
Putnam,2023-2024,162392.0,147143.0,1,775,1286.0,559.0,290.50447227191415,263.2254025044723
Rhea,2019-2020,33230.0,320.0,9,0,0.0,201.09,165.24939082003084,1.5913272663981302
Rhea,2020-2021,33500.0,330.0,0,0,0.0,201.09,166.59207320105426,1.6410562434730718
Rhea,2021-2022,38700.0,280.0,8,0,0.0,201.09,192.45114128002388,1.392411358098364
Rhea,2022-2023,26125.0,270.0,0,0,0.0,201.09,129.91695260828484,1.3426823810234223
Rhea,2023-2024,13400.0,261.0,30,0,0.0,201.09,66.6368292804217,1.297926301655975
Roane,2019-2020,46410.0,0.0,50,0,0.0,143.95,322.4036123654047,0.0
Roane,2020-2021,30157.5,29.0,19,0,0.0,143.95,209.49982632858632,0.2014588398749566
Roane,2021-2022,26923.0,0.0,5,16,78.5,143.95,187.03021882598125,0.0
Roane,2022-2023,21253.75,4107.0,46,45,159.8,143.95,147.6467523445641,28.530739840222303
Roane,2023-2024,14940.75,1039.5,25,2,3.0,143.95,103.79124696075027,7.221257381035082
Robertson,2019-2020,88386.0,1230.0,39,0,0.0,61.5,1437.1707317073171,20.0
Robertson,2020-2021,2760.0,0.0,3,0,0.0,61.5,44.8780487804878,0.0
Robertson,2021-2022,73540.0,3340.0,35,0,0.0,61.5,1195.7723577235772,54.3089430894309
Robertson,2022-2023,43700.0,7953.0,43,0,0.0,61.5,710.569105691057,129.3170731707317
Robertson,2023-2024,184860.0,3944.0,60,0,0.0,61.5,3005.8536585365855,64.130081300813
Rutherford,2019-2020,75840.0,0.0,0,0,0.0,159.55,475.3368849890316,0.0
Rutherford,2020-2021,108110.0,0.0,0,0,0.0,159.55,677.5932309620808,0.0
Rutherford,2021-2022,109840.0,0.0,0,0,0.0,159.55,688.4362268881227,0.0
Rutherford,2022-2023,161670.0,0.0,0,0,0.0,159.55,1013.2873707301785,0.0
Rutherford,2023-2024,116100.0,0.0,0,0,0.0,159.55,727.6715763083672,0.0
Scott,2019-2020,38625.0,0.0,2,3,8.0,443.5,87.0913190529876,0.0
Scott,2020-2021,51700.0,0.0,13,0,0.0,443.5,116.57271702367531,0.0
Scott,2021-2022,58035.0,0.0,7,0,0.0,443.5,130.85682074408118,0.0
Scott,2022-2023,50875.0,0.0,2,174,8.0,443.5,114.71251409244645,0.0
Scott,2023-2024,371211.0,0.0,1,3,4.0,443.5,837.0033821871477,0.0
Sequatchie,2019-2020,30440.0,30440.0,5,19,76.0,111.0,274.23423423423424,274.23423423423424
Sequatchie,2020-2021,52560.0,52560.0,5,75,150.0,111.0,473.5135135135135,473.5135135135135
Sequatchie,2021-2022,57887.5,49992.25,11,80,95.0,111.0,521.509009009009,450.3806306306306
Sequatchie,2022-2023,49350.0,49350.0,14,30,60.0,111.0,444.5945945945946,444.5945945945946
Sequatchie,2023-2024,28048.0,28048.0,9,2,60.0,111.0,252.6846846846847,252.6846846846847
Sevier,2019-2020,235330.0,0.0,0,368,1460.0,192.1,1225.0390421655388,0.0
Sevier,2020-2021,305190.0,0.0,0,425,1402.0,192.1,1588.7038001041126,0.0
Sevier,2021-2022,341590.0,0.0,0,370,1291.0,192.1,1778.1884435190007,0.0
Sevier,2022-2023,394050.0,150.0,565,56,216.0,192.1,2051.2753774076004,0.7808433107756377
Sevier,2023-2024,0.0,0.0,0,0,0.0,192.1,0.0,0.0
Shelby,2019-2020,374828.0,0.0,495,25,100.0,277.0,1353.1696750902527,0.0
Shelby,2020-2021,394380.0,0.0,1052,0,0.0,277.0,1423.7545126353791,0.0
Shelby,2021-2022,416340.0,0.0,987,0,0.0,277.0,1503.0324909747292,0.0
Shelby,2022-2023,385560.0,0.0,709,0,0.0,277.0,1391.9133574007221,0.0
Shelby,2023-2024,398500.0,0.0,360,40,200.0,277.0,1438.6281588447653,0.0
Smith,2019-2020,36203.1,0.0,0,0,0.0,103.0,351.4864077669903,0.0
Smith,2020-2021,24730.0,0.0,0,0,0.0,103.0,240.09708737864077,0.0
Smith,2021-2022,52470.0,0.0,0,0,0.0,103.0,509.41747572815535,0.0
Smith,2022-2023,51111.68,0.0,0,0,0.0,103.0,496.22990291262136,0.0
Smith,2023-2024,54600.0,0.0,0,0,0.0,103.0,530.0970873786408,0.0
Statewide,2019-2020,21296709.41,7585240.92,4053,8663,28562.6,41143.03,517.6261789664009,184.36272000385
Statewide,2020-2021,20547662.2,7949094.8,4326,5428,19655.25,41143.03,499.42024688021274,193.20635354275075
Statewide,2022-2023,19058198.73,5656816.8,0,0,0.0,41143.03,463.218161861195,137.49149734475074
Statewide,2023-2024,15294053.16,1428463.0,2865,8330,28771.9,41143.03,371.72889697234257,34.71944093568218
Stewart,2019-2020,44490.0,35450.0,2,0,0.0,52.0,855.5769230769231,681.7307692307693
Stewart,2020-2021,53771.0,53771.0,1,151,488.0,52.0,1034.0576923076924,1034.0576923076924
Stewart,2021-2022,62723.0,62723.0,0,47,157.0,52.0,1206.2115384615386,1206.2115384615386
Stewart,2022-2023,268.0,268.0,0,44,176.0,52.0,5.153846153846154,5.153846153846154
Stewart,2023-2024,1600.0,1160.0,1,4,20.0,52.0,30.76923076923077,22.307692307692307
Sullivan,2019-2020,5719952.57,5111156.57,1,0,0.0,243.0,23538.89946502058,21033.566131687243
Sullivan,2020-2021,6844828.0,5823835.0,0,0,0.0,243.0,28168.01646090535,23966.399176954732
Sullivan,2021-2022,1212012.0,2374093.0,0,0,0.0,243.0,4987.7037037037035,9769.930041152264
Sullivan,2022-2023,3380442.0,3453224.0,0,0,0.0,243.0,13911.283950617284,14210.798353909466
Sullivan,2023-2024,20442.0,1624.0,0,182,414.0,243.0,84.12345679012346,6.683127572016461
Sumner,2019-2020,56620.0,82.0,63,0,0.0,181.9,311.2699285321605,0.4507971412864211
Sumner,2020-2021,32329.0,34.0,33,0,0.0,181.9,177.72952171522815,0.18691588785046728
Sumner,2021-2022,45040.0,31.0,35,0,0.0,181.9,247.60857614073666,0.17042330951072018
Sumner,2022-2023,195532.0,54.0,173,0,0.0,181.9,1074.9422759758108,0.29686641011544807
Sumner,2023-2024,50020.0,28.0,46,0,0.0,181.9,274.98625618471686,0.15393073117097306
Tipton,2019-2020,83655.0,5345.0,174,59,96.0,26.1,3205.1724137931033,204.78927203065132
Tipton,2020-2021,58255.0,1070.0,52,0,0.0,26.1,2231.992337164751,40.996168582375475
Tipton,2021-2022,46515.0,1349.53,73,0,0.0,26.1,1782.183908045977,51.70613026819923
Tipton,2022-2023,53385.0,0.0,63,0,0.0,26.1,2045.4022988505747,0.0
Tipton,2023-2024,132185.0,0.0,76,0,0.0,26.1,5064.55938697318,0.0
Trousdale,2019-2020,83691.5,74409.5,0,0,0.0,671.0,124.72652757078987,110.89344262295081
Trousdale,2020-2021,5768.3,4240.8,0,0,0.0,671.0,8.596572280178838,6.320119225037258
Trousdale,2021-2022,10423.0,9661.0,0,0,0.0,671.0,15.533532041728764,14.397913561847988
Trousdale,2022-2023,19296.0,6465.0,0,1,1.0,671.0,28.75707898658718,9.634873323397914
Trousdale,2023-2024,14060.0,9019.0,0,0,0.0,671.0,20.953800298062593,13.441132637853949
Unicoi,2019-2020,49699.0,0.0,5,0,0.0,1390.0,35.7546762589928,0.0
Unicoi,2020-2021,19793.0,0.0,4,0,0.0,1390.0,14.239568345323741,0.0
Unicoi,2021-2022,33099.0,0.0,20,0,0.0,1390.0,23.812230215827338,0.0
Unicoi,2022-2023,9840.0,0.0,3,0,0.0,1390.0,7.079136690647482,0.0
Unicoi,2023-2024,1540.0,0.0,0,477,1225.0,1390.0,1.1079136690647482,0.0
Union,2019-2020,114180.0,17.0,141,0,0.0,745.3,153.20005366966322,0.022809606869716895
Union,2020-2021,92880.0,0.0,98,0,0.0,745.3,124.62095800348854,0.0
Union,2021-2022,61900.0,0.0,120,0,0.0,745.3,83.05380383738093,0.0
Union,2022-2023,57000.0,0.0,173,0,0.0,745.3,76.47927009258018,0.0
Union,2023-2024,59260.0,0.0,188,0,0.0,745.3,79.51160606467195,0.0
Van Buren,2019-2020,60468.0,42731.0,12,0,0.0,1993.0,30.340190667335676,21.440541896638234
Van Buren,2020-2021,19256.0,12478.0,7,0,0.0,1993.0,9.661816357250377,6.260913196186653
Van Buren,2021-2022,46314.0,23976.0,26,0,0.0,1993.0,23.23833416959358,12.030105368790768
Van Buren,2022-2023,48820.0,1150.0,34,0,0.0,1993.0,24.49573507275464,0.577019568489714
Van Buren,2023-2024,37260.0,2225.0,14,0,0.0,1993.0,18.695434019066735,1.1164074259909684
Warren,2019-2020,41352.0,4354.0,19,0,0.0,129.3,319.81438515081203,33.67362722351121
Warren,2020-2021,23714.0,9031.0,37,0,0.0,129.3,183.40293890177878,69.84532095901005
Warren,2021-2022,32144.0,3447.0,3,0,0.0,129.3,248.60015467904097,26.658932714617166
Warren,2022-2023,27270.0,1.0,0,0,0.0,129.3,210.90487238979117,0.007733952049497292
Warren,2023-2024,26500.0,0.0,0,0,0.0,129.3,204.94972931167825,0.0
Washington,2019-2020,430315.0,0.0,21,0,0.0,1155.0,372.56709956709955,0.0
Washington,2020-2021,186706.0,0.0,8,0,0.0,1155.0,161.65021645021645,0.0
Washington,2021-2022,401805.0,1.0,7,0,0.0,1155.0,347.8831168831169,0.0008658008658008658
Washington,2022-2023,391685.0,0.0,23,8,2.0,1155.0,339.1212121212121,0.0
Washington,2023-2024,323501.0,0.0,12,0,0.0,1155.0,280.0874458874459,0.0
Wayne,2019-2020,41371.0,24392.0,82,2,6.0,274.4,150.76895043731778,88.8921282798834
Wayne,2020-2021,52872.0,17029.0,503,15,8.0,274.4,192.68221574344025,62.05903790087464
Wayne,2021-2022,51590.0,9485.0,90,0,0.0,274.4,188.01020408163268,34.56632653061225
Wayne,2022-2023,70295.0,22929.0,83,0,0.0,274.4,256.17711370262396,83.56049562682216
Wayne,2023-2024,32085.0,21592.0,54,0,0.0,274.4,116.92784256559767,78.68804664723032
Weakley,2019-2020,45335.0,965.0,63,166,1224.0,34.58,1311.017929438982,27.9063042220937
Weakley,2020-2021,42943.0,340.0,34,173,505.0,34.58,1241.844997108155,9.832272990167727
Weakley,2021-2022,32687.0,1030.0,36,300,951.0,34.58,945.2573742047426,29.786003470214
Weakley,2022-2023,42546.0,3145.0,28,418,1328.5,34.58,1230.3643724696358,90.94852515905148
Weakley,2023-2024,41581.0,1140.0,24,563,1591.0,34.58,1202.458068247542,32.96703296703297
White,2019-2020,105597.0,0.0,44,353,1525.5,374.65,281.8550647270786,0.0
White,2020-2021,98817.0,0.0,100,0,0.0,374.65,263.7581742960096,0.0
White,2021-2022,171885.85,0.0,31,0,0.0,374.65,458.790471106366,0.0
White,2022-2023,151956.7,0.0,10,30,149.0,374.65,405.5964233284399,0.0
White,2023-2024,137235.0,0.0,2,12,3.0,374.65,366.30188175630593,0.0
Williamson,2019-2020,83544.0,5574.0,44,0,0.0,73.8,1132.0325203252032,75.52845528455285
Williamson,2020-2021,66372.0,5223.0,40,0,0.0,73.8,899.349593495935,70.77235772357724
Williamson,2021-2022,75265.0,8935.0,34,0,0.0,73.8,1019.8509485094851,121.07046070460706
Williamson,2022-2023,67140.0,11743.0,36,0,0.0,73.8,909.7560975609756,159.11924119241192
Williamson,2023-2024,74420.0,12970.0,23,22,209.0,73.8,1008.4010840108401,175.74525745257452
Wilson,2019-2020,241635.0,0.0,0,0,0.0,56.0,4314.910714285715,0.0
Wilson,2020-2021,448674.0,0.0,0,0,0.0,56.0,8012.035714285715,0.0
Wilson,2021-2022,360446.0,0.0,0,0,0.0,56.0,6436.535714285715,0.0
Wilson,2022-2023,356252.0,0.0,0,0,0.0,56.0,6361.642857142857,0.0
Wilson,2023-2024,287795.0,0.0,0,0,0.0,56.0,5139.196428571428,0.0
