county,year,month,litter,recycled,dumps,county_rd_miles,state_rd_miles,partners,volunteer_hours
Anderson,2019-2020,July,3321.0,3019.0,0,24.3,1.3,7,39.0
Anderson,2019-2020,Aug,6789.0,6162.0,0,61.0,13.0,40,208.0
Anderson,2019-2020,Sept,5050.0,4065.0,0,55.0,18.0,0,0.0
Anderson,2019-2020,Oct,6297.0,5047.0,0,74.9,3.0,38,164.5
Anderson,2019-2020,Nov,940.0,0.0,0,0.0,10.0,28,75.0
Anderson,2019-2020,Dec,5067.0,4101.0,0,32.9,12.0,14,113.0
Anderson,2019-2020,Jan,7825.0,6216.0,0,45.1,0.0,30,43.0
Anderson,2019-2020,Feb,4198.0,3349.0,0,25.1,0.0,25,52.0
Anderson,2019-2020,Mar,4529.0,3614.0,0,23.3,0.0,0,0.0
Anderson,2019-2020,Apr,880.0,0.0,0,0.0,22.0,0,0.0
Anderson,2019-2020,May,2662.0,2096.0,0,18.2,31.0,0,0.0
Anderson,2019-2020,June,2358.0,1854.0,0,16.5,0.0,29,194.0
Bedford,2019-2020,July,9240.0,3080.0,0,189.0,0.0,0,0.0
Bedford,2019-2020,Aug,9000.0,4580.0,0,198.0,0.0,0,0.0
Bedford,2019-2020,Sept,7260.0,3960.0,0,149.0,0.0,0,0.0
Bedford,2019-2020,Oct,16340.0,6570.0,0,228.7,0.0,0,0.0
Bedford,2019-2020,Nov,8500.0,4660.0,0,118.0,0.0,0,0.0
Bedford,2019-2020,Dec,5280.0,2560.0,0,49.0,0.0,0,0.0
Bedford,2019-2020,Jan,2880.0,460.0,0,27.88,0.0,0,0.0
Bedford,2019-2020,Feb,8652.0,2261.0,0,82.75,0.0,0,0.0
Bedford,2019-2020,Mar,7520.0,2880.0,0,69.85,0.0,0,0.0
Bedford,2019-2020,Apr,0.0,0.0,0,0.0,0.0,0,0.0
Bedford,2019-2020,May,0.0,0.0,0,0.0,0.0,0,0.0
Bedford,2019-2020,June,0.0,0.0,0,0.0,0.0,0,0.0
Benton,2019-2020,July,2780.0,0.0,9,10.2,0.0,0,0.0
Benton,2019-2020,Aug,0.0,0.0,0,0.0,0.0,0,0.0
Benton,2019-2020,Sept,2040.0,0.0,1,0.4,0.2,0,0.0
Benton,2019-2020,Oct,1600.0,336.0,15,14.0,0.0,0,0.0
Benton,2019-2020,Nov,9700.0,0.0,0,24.5,0.0,0,0.0
Benton,2019-2020,Dec,3360.0,0.0,0,38.0,0.0,0,0.0
Benton,2019-2020,Jan,3860.0,0.0,1,3.35,13.65,0,0.0
Benton,2019-2020,Feb,7640.0,2720.0,0,7.25,10.0,0,0.0
Benton,2019-2020,Mar,3020.0,0.0,12,4.0,12.0,0,0.0
Benton,2019-2020,Apr,0.0,0.0,0,0.0,0.0,0,0.0
Benton,2019-2020,May,0.0,0.0,0,0.0,0.0,0,0.0
Benton,2019-2020,June,3060.0,0.0,1,47.8,8.0,0,0.0
Bledsoe,2019-2020,July,4475.0,4500.0,0,1585.0,0.0,0,0.0
Bledsoe,2019-2020,Aug,6527.0,280.0,0,1504.0,0.0,0,0.0
Bledsoe,2019-2020,Sept,5425.0,0.0,0,1440.0,0.0,0,0.0
Bledsoe,2019-2020,Oct,6044.0,425.0,0,1471.0,0.0,0,0.0
Bledsoe,2019-2020,Nov,3425.0,0.0,0,1070.0,0.0,0,0.0
Bledsoe,2019-2020,Dec,5468.0,700.0,0,1132.0,0.0,0,0.0
Bledsoe,2019-2020,Jan,6414.0,125.0,0,1180.0,0.0,0,0.0
Bledsoe,2019-2020,Feb,3675.0,0.0,0,1096.0,0.0,0,0.0
Bledsoe,2019-2020,Mar,5203.0,75.0,0,1213.0,0.0,0,0.0
Bledsoe,2019-2020,Apr,3902.0,75.0,0,1151.0,0.0,0,0.0
Bledsoe,2019-2020,May,4300.0,370.0,0,1148.0,0.0,0,0.0
Bledsoe,2019-2020,June,840.0,792.0,0,2406.0,0.0,0,0.0
Blount,2019-2020,July,43560.0,0.0,8,120.0,14.0,20,40.0
Blount,2019-2020,Aug,33800.0,0.0,9,73.0,6.0,3,6.0
Blount,2019-2020,Sept,31940.0,0.0,6,125.0,0.0,80,132.0
Blount,2019-2020,Oct,47900.0,0.0,11,138.0,50.0,72,176.0
Blount,2019-2020,Nov,32180.0,0.0,10,102.0,0.0,42,178.0
Blount,2019-2020,Dec,27480.0,0.0,7,76.0,4.0,29,79.0
Blount,2019-2020,Jan,44480.0,0.0,7,95.0,0.0,2,4.0
Blount,2019-2020,Feb,35940.0,0.0,16,76.0,9.0,9,11.0
Blount,2019-2020,Mar,13720.0,0.0,5,38.5,9.0,0,0.0
Blount,2019-2020,Apr,9620.0,0.0,8,16.5,0.0,12,22.0
Blount,2019-2020,May,24880.0,0.0,14,71.0,4.0,31,131.0
Blount,2019-2020,June,48900.0,0.0,9,132.0,21.0,12,22.0
Bradley,2019-2020,July,18980.0,675.0,0,370.0,146.0,0,0.0
Bradley,2019-2020,Aug,21240.0,1045.0,1,321.0,134.0,0,0.0
Bradley,2019-2020,Sept,27260.0,1595.0,0,325.0,206.0,0,0.0
Bradley,2019-2020,Oct,35260.0,2925.0,0,434.0,210.0,30,82.0
Bradley,2019-2020,Nov,33720.0,2720.0,1,372.0,176.0,0,0.0
Bradley,2019-2020,Dec,20640.0,3655.0,0,341.0,189.0,0,0.0
Bradley,2019-2020,Jan,33460.0,3975.0,0,393.0,180.0,0,0.0
Bradley,2019-2020,Feb,20680.0,1825.0,0,438.0,209.0,0,0.0
Bradley,2019-2020,Mar,7760.0,450.0,0,207.0,112.0,0,0.0
Bradley,2019-2020,Apr,0.0,0.0,0,0.0,0.0,0,0.0
Bradley,2019-2020,May,0.0,0.0,0,0.0,0.0,0,0.0
Bradley,2019-2020,June,10420.0,925.0,0,179.0,125.0,0,0.0
Campbell,2019-2020,July,5400.0,1080.0,2,19.0,4.5,2,16.0
Campbell,2019-2020,Aug,6560.0,6560.0,3,42.5,13.5,2,16.0
Campbell,2019-2020,Sept,4840.0,4840.0,1,17.0,17.5,5,40.0
Campbell,2019-2020,Oct,13040.0,13040.0,1,51.0,24.0,201,1608.0
Campbell,2019-2020,Nov,11040.0,11040.0,7,16.5,6.5,250,2000.0
Campbell,2019-2020,Dec,6520.0,6520.0,8,41.0,3.5,6,48.0
Campbell,2019-2020,Jan,9980.0,9980.0,8,47.5,23.0,6,48.0
Campbell,2019-2020,Feb,5820.0,5820.0,8,36.0,7.5,14,56.0
Campbell,2019-2020,Mar,5100.0,5100.0,4,17.5,7.5,4,32.0
Campbell,2019-2020,Apr,1400.0,1400.0,4,3.5,0.5,7,24.0
Campbell,2019-2020,May,2340.0,2340.0,4,9.0,0.0,2,16.0
Campbell,2019-2020,June,2000.0,2000.0,0,11.0,0.0,3,3.0
Cannon,2019-2020,July,6700.0,0.0,0,1253.0,0.0,0,0.0
Cannon,2019-2020,Aug,6600.0,0.0,0,1497.0,0.0,0,0.0
Cannon,2019-2020,Sept,5400.0,0.0,0,1139.0,0.0,0,0.0
Cannon,2019-2020,Oct,5600.0,0.0,2,1010.0,0.0,0,0.0
Cannon,2019-2020,Nov,5470.0,3.0,0,836.0,0.0,0,0.0
Cannon,2019-2020,Dec,4650.0,0.0,1,700.0,0.0,0,0.0
Cannon,2019-2020,Jan,6080.0,0.0,0,997.0,0.0,0,0.0
Cannon,2019-2020,Feb,7930.0,1.0,0,574.0,0.0,0,0.0
Cannon,2019-2020,Mar,6210.0,0.0,0,737.0,0.0,0,0.0
Cannon,2019-2020,Apr,6050.0,0.0,0,493.0,0.0,0,0.0
Cannon,2019-2020,May,3900.0,0.0,1,280.0,0.0,0,0.0
Cannon,2019-2020,June,4350.0,0.0,1,427.0,0.0,0,0.0
Carroll,2019-2020,July,760.0,23.0,2,13.8,0.0,0,0.0
Carroll,2019-2020,Aug,840.0,0.0,3,10.1,0.0,0,0.0
Carroll,2019-2020,Sept,660.0,40.0,1,28.0,0.0,0,0.0
Carroll,2019-2020,Oct,61660.0,33.0,1,13.1,0.0,0,0.0
Carroll,2019-2020,Nov,1780.0,34.0,2,5.8,0.0,0,0.0
Carroll,2019-2020,Dec,0.68,35.0,0,11.6,0.0,1,1.0
Carroll,2019-2020,Jan,2140.0,38.0,2,5.0,0.0,0,0.0
Carroll,2019-2020,Feb,700.0,40.0,1,4.7,0.0,0,0.0
Carroll,2019-2020,Mar,8800.0,0.0,2,3.9,0.0,0,0.0
Carroll,2019-2020,Apr,560.0,20.0,1,16.2,0.0,0,0.0
Carroll,2019-2020,May,60.0,32.0,0,19.7,0.0,0,0.0
Carroll,2019-2020,June,280.0,20.0,1,13.6,0.0,0,0.0
Carter,2019-2020,July,2290.0,7100.0,0,1640.5,0.0,0,0.0
Carter,2019-2020,Aug,6960.0,6960.0,0,2103.0,0.0,0,0.0
Carter,2019-2020,Sept,5320.0,5320.0,1,2161.0,0.0,0,0.0
Carter,2019-2020,Oct,5347.0,5347.0,7,745.0,0.0,0,0.0
Carter,2019-2020,Nov,4860.0,4860.0,0,519.0,0.0,0,0.0
Carter,2019-2020,Dec,6705.0,6705.0,2,466.0,0.0,0,0.0
Carter,2019-2020,Jan,7380.0,7380.0,8,309.0,0.0,0,0.0
Carter,2019-2020,Feb,5140.0,5140.0,0,516.0,0.0,0,0.0
Carter,2019-2020,Mar,8080.0,8080.0,0,621.0,0.0,0,0.0
Carter,2019-2020,Apr,0.0,0.0,0,0.0,0.0,0,0.0
Carter,2019-2020,May,4720.0,4720.0,2,586.0,0.0,0,0.0
Carter,2019-2020,June,9140.0,9140.0,0,601.0,0.0,0,0.0
Cheatham,2019-2020,July,10380.0,0.0,15,1354.0,47.0,0,0.0
Cheatham,2019-2020,Aug,10380.0,0.0,9,981.0,40.1,0,0.0
Cheatham,2019-2020,Sept,13480.0,0.0,16,1302.0,32.0,0,0.0
Cheatham,2019-2020,Oct,11660.0,0.0,26,1330.0,40.0,0,0.0
Cheatham,2019-2020,Nov,15540.0,0.0,30,1212.0,152.0,0,0.0
Cheatham,2019-2020,Dec,22434.0,0.0,26,1118.0,79.0,0,0.0
Cheatham,2019-2020,Jan,13860.0,0.0,18,1138.0,378.0,0,0.0
Cheatham,2019-2020,Feb,8300.0,0.0,22,1104.0,91.0,0,0.0
Cheatham,2019-2020,Mar,9680.0,0.0,38,1400.0,200.0,0,0.0
Cheatham,2019-2020,Apr,10770.0,0.0,41,1622.0,800.0,0,0.0
Cheatham,2019-2020,May,8560.0,0.0,41,289.0,1783.0,0,0.0
Cheatham,2019-2020,June,0.0,0.0,34,1785.0,14540.0,0,0.0
Chester,2019-2020,July,8000.0,321.0,6,0.0,0.0,0,0.0
Chester,2019-2020,Aug,10740.0,270.0,4,253.0,0.0,0,0.0
Chester,2019-2020,Sept,5000.0,82.0,3,142.0,0.0,0,0.0
Chester,2019-2020,Oct,8400.0,166.0,7,153.0,0.0,0,0.0
Chester,2019-2020,Nov,11000.0,269.0,2,203.0,0.0,0,0.0
Chester,2019-2020,Dec,8680.0,204.0,5,160.0,0.0,0,0.0
Chester,2019-2020,Jan,11000.0,167.0,11,228.0,0.0,0,0.0
Chester,2019-2020,Feb,9340.0,243.0,0,196.0,0.0,0,0.0
Chester,2019-2020,Mar,10080.0,266.0,0,130.0,0.0,0,0.0
Chester,2019-2020,Apr,8000.0,279.0,3,204.0,0.0,0,0.0
Chester,2019-2020,May,10280.0,214.0,2,196.0,0.0,0,0.0
Chester,2019-2020,June,6000.0,158.0,2,101.0,0.0,0,0.0
Claiborne,2019-2020,July,62440.0,1998.0,2,585.0,1157.0,0,0.0
Claiborne,2019-2020,Aug,65000.0,2004.0,1,1075.0,874.0,0,0.0
Claiborne,2019-2020,Sept,61160.0,2020.0,1,1242.0,663.0,0,0.0
Claiborne,2019-2020,Oct,62700.0,2006.0,0,923.0,840.0,0,0.0
Claiborne,2019-2020,Nov,60260.0,2010.0,1,1081.0,804.0,0,0.0
Claiborne,2019-2020,Dec,47580.0,1997.0,4,840.0,1012.0,0,0.0
Claiborne,2019-2020,Jan,57840.0,2009.0,0,1091.0,898.0,0,0.0
Claiborne,2019-2020,Feb,45020.0,2000.0,1,793.0,1039.0,0,0.0
Claiborne,2019-2020,Mar,31020.0,1565.0,1,898.0,767.0,0,0.0
Claiborne,2019-2020,Apr,8620.0,703.0,1,420.0,205.0,0,0.0
Claiborne,2019-2020,May,29680.0,1410.0,3,939.0,512.0,0,0.0
Claiborne,2019-2020,June,26140.0,1240.0,0,594.0,371.0,0,0.0
Clay,2019-2020,July,965.0,358.0,0,120.0,0.0,4,10.0
Clay,2019-2020,Aug,985.0,385.0,0,130.0,0.0,4,10.0
Clay,2019-2020,Sept,885.0,380.0,0,120.0,0.0,4,10.0
Clay,2019-2020,Oct,760.0,315.0,0,105.0,0.0,4,10.0
Clay,2019-2020,Nov,660.0,250.0,0,95.0,0.0,4,10.0
Clay,2019-2020,Dec,530.0,202.0,0,90.0,0.0,4,10.0
Clay,2019-2020,Jan,540.0,224.0,0,94.0,0.0,4,10.0
Clay,2019-2020,Feb,480.0,197.0,0,88.0,0.0,4,10.0
Clay,2019-2020,Mar,310.0,103.0,0,46.0,0.0,4,10.0
Clay,2019-2020,Apr,205.0,113.0,0,50.0,0.0,4,10.0
Clay,2019-2020,May,188.0,126.0,0,58.0,0.0,4,10.0
Clay,2019-2020,June,170.0,144.0,0,96.0,0.0,4,10.0
Cocke,2019-2020,July,5720.0,19740.0,0,39.5,0.0,12,12.0
Cocke,2019-2020,Aug,7100.0,32700.0,4,30.2,0.0,0,0.0
Cocke,2019-2020,Sept,11060.0,16960.0,2,45.6,0.0,0,0.0
Cocke,2019-2020,Oct,15040.0,21360.0,1,47.8,0.0,0,0.0
Cocke,2019-2020,Nov,11120.0,23660.0,1,33.8,0.0,0,0.0
Cocke,2019-2020,Dec,18800.0,31700.0,2,116.0,44.5,0,0.0
Cocke,2019-2020,Jan,25640.0,10940.0,5,58.6,0.0,0,0.0
Cocke,2019-2020,Feb,4140.0,19100.0,1,9.8,0.0,0,0.0
Cocke,2019-2020,Mar,21060.0,1180.0,2,47.3,0.0,0,0.0
Cocke,2019-2020,Apr,0.0,0.0,0,0.0,0.0,0,0.0
Cocke,2019-2020,May,5580.0,2260.0,0,18.0,0.0,0,0.0
Cocke,2019-2020,June,5700.0,0.0,0,62.4,0.0,0,0.0
Coffee,2019-2020,July,20920.0,3.0,0,43.59,0.0,0,0.0
Coffee,2019-2020,Aug,20980.0,3.0,0,43.71,0.0,0,0.0
Coffee,2019-2020,Sept,19940.0,2.0,0,41.46,0.0,0,0.0
Coffee,2019-2020,Oct,22800.0,30.0,0,47.54,0.0,0,0.0
Coffee,2019-2020,Nov,18000.0,1.0,0,37.5,0.0,0,0.0
Coffee,2019-2020,Dec,19560.0,1.0,0,40.77,0.0,0,0.0
Coffee,2019-2020,Jan,20140.0,1.0,0,41.98,0.0,0,0.0
Coffee,2019-2020,Feb,18040.0,0.0,0,37.61,0.0,0,0.0
Coffee,2019-2020,Mar,21580.0,0.0,0,44.99,0.0,0,0.0
Coffee,2019-2020,Apr,21880.0,3.0,0,45.61,0.0,0,0.0
Coffee,2019-2020,May,21240.0,2.0,0,44.25,0.0,0,0.0
Coffee,2019-2020,June,20480.0,2.0,0,42.68,0.0,0,0.0
Crockett,2019-2020,July,1020.0,360.0,0,237.0,0.0,0,0.0
Crockett,2019-2020,Aug,1020.0,590.0,1,251.0,0.0,0,0.0
Crockett,2019-2020,Sept,1275.0,360.0,0,292.0,0.0,0,0.0
Crockett,2019-2020,Oct,870.0,195.0,0,306.0,0.0,0,0.0
Crockett,2019-2020,Nov,1335.0,270.0,0,254.0,10.0,0,0.0
Crockett,2019-2020,Dec,1305.0,380.0,0,285.0,0.0,0,0.0
Crockett,2019-2020,Jan,855.0,255.0,0,244.0,0.0,0,0.0
Crockett,2019-2020,Feb,1020.0,470.0,0,250.0,0.0,0,0.0
Crockett,2019-2020,Mar,1099.0,220.0,0,229.0,0.0,0,0.0
Crockett,2019-2020,Apr,810.0,235.0,0,218.0,0.0,0,0.0
Crockett,2019-2020,May,840.0,520.0,0,249.0,0.0,0,0.0
Crockett,2019-2020,June,1185.0,220.0,0,311.0,0.0,0,0.0
Cumberland,2019-2020,July,5980.0,5980.0,12,480.0,0.0,2,5.0
Cumberland,2019-2020,Aug,6380.0,6380.0,12,480.0,0.0,1,5.0
Cumberland,2019-2020,Sept,7600.0,7600.0,8,390.0,0.0,58,25.0
Cumberland,2019-2020,Oct,8300.0,8300.0,4,900.0,0.0,1,8.0
Cumberland,2019-2020,Nov,6380.0,6380.0,3,360.0,0.0,0,0.0
Cumberland,2019-2020,Dec,17840.0,17840.0,6,780.0,0.0,0,0.0
Cumberland,2019-2020,Jan,24760.0,24760.0,9,900.0,0.0,2,2.0
Cumberland,2019-2020,Feb,15140.0,15140.0,13,840.0,0.0,20,2.0
Cumberland,2019-2020,Mar,14760.0,14760.0,10,660.0,0.0,0,0.0
Cumberland,2019-2020,Apr,4160.0,4160.0,7,960.0,0.0,0,0.0
Cumberland,2019-2020,May,4460.0,4460.0,4,840.0,0.0,12,3.0
Cumberland,2019-2020,June,3340.0,3340.0,7,1080.0,0.0,0,0.0
Davidson,2019-2020,July,480420.0,0.0,0,12948.0,0.0,13,453.5
Davidson,2019-2020,Aug,448860.0,0.0,0,11619.0,0.0,0,0.0
Davidson,2019-2020,Sept,348940.0,0.0,0,9987.0,0.0,13,505.0
Davidson,2019-2020,Oct,403180.0,0.0,0,11506.0,0.0,14,908.0
Davidson,2019-2020,Nov,328120.0,0.0,0,8568.0,0.0,11,558.5
Davidson,2019-2020,Dec,381500.0,0.0,0,10772.0,0.0,40,743.0
Davidson,2019-2020,Jan,389020.0,0.0,0,9638.0,0.0,3,219.0
Davidson,2019-2020,Feb,308460.0,0.0,0,8541.0,0.0,4,224.0
Davidson,2019-2020,Mar,434020.0,0.0,0,10980.0,0.0,8,182.0
Davidson,2019-2020,Apr,635180.0,0.0,0,12025.0,0.0,0,0.0
Davidson,2019-2020,May,475940.0,0.0,0,10747.0,0.0,0,0.0
Davidson,2019-2020,June,0.0,0.0,0,11325.0,0.0,0,0.0
DeKalb,2019-2020,July,19150.0,19150.0,0,498.0,0.0,0,0.0
DeKalb,2019-2020,Aug,36250.0,36250.0,0,889.0,0.0,0,0.0
DeKalb,2019-2020,Sept,8880.0,8880.0,0,180.0,0.0,0,0.0
DeKalb,2019-2020,Oct,28250.0,0.0,0,792.0,0.0,0,0.0
DeKalb,2019-2020,Nov,19650.0,0.0,0,576.0,0.0,0,0.0
DeKalb,2019-2020,Dec,18950.0,0.0,0,736.0,0.0,0,0.0
DeKalb,2019-2020,Jan,23550.0,0.0,0,763.0,0.0,0,0.0
DeKalb,2019-2020,Feb,27900.0,0.0,0,887.0,0.0,0,0.0
DeKalb,2019-2020,Mar,21180.0,0.0,0,526.4,0.0,0,0.0
DeKalb,2019-2020,Apr,0.0,0.0,0,0.0,0.0,0,0.0
DeKalb,2019-2020,May,0.0,0.0,0,0.0,0.0,0,0.0
DeKalb,2019-2020,June,0.0,0.0,0,0.0,0.0,0,0.0
Decatur,2019-2020,July,9225.0,9225.0,0,93.99,0.0,0,0.0
Decatur,2019-2020,Aug,10069.0,10169.0,1,104.15,0.0,0,0.0
Decatur,2019-2020,Sept,7650.0,7650.0,1,83.6,0.0,0,0.0
Decatur,2019-2020,Oct,5710.0,5710.0,0,67.63,0.0,0,0.0
Decatur,2019-2020,Nov,2145.0,2145.0,0,49.9,0.0,0,0.0
Decatur,2019-2020,Dec,0.0,3115.0,0,34.7,0.0,0,0.0
Decatur,2019-2020,Jan,4490.0,4490.0,0,50.7,0.0,0,0.0
Decatur,2019-2020,Feb,0.0,0.0,0,0.0,0.0,0,0.0
Decatur,2019-2020,Mar,3685.0,0.0,0,38.5,0.0,0,0.0
Decatur,2019-2020,Apr,6955.0,0.0,0,80.3,0.0,0,0.0
Decatur,2019-2020,May,7840.0,7840.0,0,96.0,0.0,0,0.0
Decatur,2019-2020,June,8240.0,8240.0,0,112.9,0.0,0,0.0
Dickson,2019-2020,July,20420.0,30.0,1,20.8,11.2,0,0.0
Dickson,2019-2020,Aug,20960.0,16.0,0,21.3,10.3,0,0.0
Dickson,2019-2020,Sept,28440.0,12.0,19,32.3,12.1,0,0.0
Dickson,2019-2020,Oct,29820.0,207.0,2,21.0,10.1,0,0.0
Dickson,2019-2020,Nov,32620.0,22.0,2,11.8,10.3,0,0.0
Dickson,2019-2020,Dec,34440.0,12.0,2,39.0,11.0,0,0.0
Dickson,2019-2020,Jan,15080.0,75.0,2,15.8,10.1,0,0.0
Dickson,2019-2020,Feb,32400.0,30.0,3,22.1,10.5,0,0.0
Dickson,2019-2020,Mar,17080.0,5.0,1,25.6,4.0,0,0.0
Dickson,2019-2020,Apr,0.0,0.0,0,0.0,0.0,0,0.0
Dickson,2019-2020,May,15800.0,110.0,13,36.3,4.0,0,0.0
Dickson,2019-2020,June,19680.0,11.0,5,54.3,10.5,0,0.0
Dyer,2019-2020,July,5480.0,5480.0,1,13.6,5.2,0,0.0
Dyer,2019-2020,Aug,3700.0,3700.0,2,34.9,2.0,0,0.0
Dyer,2019-2020,Sept,10300.0,10300.0,2,51.6,5.0,0,0.0
Dyer,2019-2020,Oct,17422.0,17422.0,1,53.16,1.5,0,0.0
Dyer,2019-2020,Nov,8550.0,8550.0,0,21.0,8.0,0,0.0
Dyer,2019-2020,Dec,9021.0,9021.0,0,102.5,5.4,0,0.0
Dyer,2019-2020,Jan,7320.0,7320.0,1,81.9,7.8,0,0.0
Dyer,2019-2020,Feb,14600.0,14600.0,1,67.9,6.7,0,0.0
Dyer,2019-2020,Mar,16950.0,16950.0,2,104.6,10.7,0,0.0
Dyer,2019-2020,Apr,90.5,90.5,0,42.0,4.2,0,0.0
Dyer,2019-2020,May,7250.0,7250.0,0,77.3,0.0,0,0.0
Dyer,2019-2020,June,15245.0,15245.0,0,84.0,9.5,0,0.0
Fayette,2019-2020,July,0.0,0.0,0,0.0,0.0,0,0.0
Fayette,2019-2020,Aug,0.0,0.0,0,0.0,0.0,0,0.0
Fayette,2019-2020,Sept,0.0,0.0,0,0.0,0.0,0,0.0
Fayette,2019-2020,Oct,1260.0,0.0,0,0.0,0.0,0,0.0
Fayette,2019-2020,Nov,0.0,0.0,1,0.0,0.0,0,0.0
Fayette,2019-2020,Dec,0.0,0.0,0,0.0,0.0,0,0.0
Fayette,2019-2020,Jan,12900.0,0.0,1,79.21,0.0,0,0.0
Fayette,2019-2020,Feb,13940.0,0.0,1,70.23,0.0,0,0.0
Fayette,2019-2020,Mar,13820.0,0.0,1,91.16,7.4,4,32.0
Fayette,2019-2020,Apr,11680.0,0.0,7,71.68,0.0,5,15.0
Fayette,2019-2020,May,5360.0,0.0,8,68.13,0.0,4,16.0
Fayette,2019-2020,June,4820.0,0.0,2,68.71,0.0,2,8.0
Fentress,2019-2020,July,5450.0,0.0,0,27.0,13.0,0,0.0
Fentress,2019-2020,Aug,6662.5,0.0,1,34.0,45.0,0,0.0
Fentress,2019-2020,Sept,15125.0,0.0,0,20.25,150.75,0,0.0
Fentress,2019-2020,Oct,17525.0,0.0,0,137.5,17525.0,0,0.0
Fentress,2019-2020,Nov,4675.0,0.0,0,15.0,15.0,0,0.0
Fentress,2019-2020,Dec,14100.0,0.0,0,52.0,51.0,0,0.0
Fentress,2019-2020,Jan,5525.0,0.0,0,168.0,53.0,0,0.0
Fentress,2019-2020,Feb,12275.0,0.0,0,35.0,61.0,0,0.0
Fentress,2019-2020,Mar,7600.0,0.0,0,37.0,29.0,0,0.0
Fentress,2019-2020,Apr,2425.0,0.0,0,39.0,58.0,0,0.0
Fentress,2019-2020,May,10450.0,0.0,0,50.0,74.0,0,0.0
Fentress,2019-2020,June,11150.0,0.0,0,47.0,85.0,0,0.0
Franklin,2019-2020,July,18720.0,0.0,5,131.3,0.0,0,0.0
Franklin,2019-2020,Aug,9040.0,0.0,0,124.0,0.0,0,0.0
Franklin,2019-2020,Sept,13460.0,1.0,0,154.0,0.0,0,0.0
Franklin,2019-2020,Oct,31580.0,0.0,7,211.5,0.0,0,0.0
Franklin,2019-2020,Nov,12520.0,0.0,2,52.2,0.0,0,0.0
Franklin,2019-2020,Dec,16340.0,0.0,1,120.0,0.0,0,0.0
Franklin,2019-2020,Jan,29280.0,0.0,4,155.7,0.0,0,0.0
Franklin,2019-2020,Feb,34800.0,0.0,2,137.7,0.0,0,0.0
Franklin,2019-2020,Mar,34400.0,0.0,0,154.8,0.0,0,0.0
Franklin,2019-2020,Apr,26160.0,0.0,4,131.4,0.0,0,0.0
Franklin,2019-2020,May,5380.0,0.0,0,85.0,0.0,0,0.0
Franklin,2019-2020,June,14340.0,0.0,0,117.0,0.0,0,0.0
Gibson,2019-2020,July,12600.0,12600.0,6,77.41,0.0,0,0.0
Gibson,2019-2020,Aug,16120.0,16120.0,5,134.52,0.0,0,0.0
Gibson,2019-2020,Sept,10320.0,10320.0,6,134.52,0.0,0,0.0
Gibson,2019-2020,Oct,4700.0,4700.0,7,38.3,0.0,0,0.0
Gibson,2019-2020,Nov,3920.0,3920.0,4,41.51,0.0,0,0.0
Gibson,2019-2020,Dec,7660.0,3920.0,5,77.17,0.0,0,0.0
Gibson,2019-2020,Jan,4200.0,3920.0,4,38.98,0.0,0,0.0
Gibson,2019-2020,Feb,6480.0,3920.0,5,64.75,0.0,0,0.0
Gibson,2019-2020,Mar,8400.0,3920.0,5,59.34,0.0,0,0.0
Gibson,2019-2020,Apr,3340.0,3340.0,7,105.38,0.0,0,0.0
Gibson,2019-2020,May,6580.0,0.0,5,26.0,0.0,0,0.0
Gibson,2019-2020,June,8230.0,0.0,5,65.77,0.0,0,0.0
Giles,2019-2020,July,6300.0,20.0,5,300.0,0.0,0,0.0
Giles,2019-2020,Aug,2760.0,20.0,4,260.0,0.0,0,0.0
Giles,2019-2020,Sept,3200.0,20.0,1,404.0,0.0,0,0.0
Giles,2019-2020,Oct,14000.0,20.0,6,279.0,0.0,0,0.0
Giles,2019-2020,Nov,6000.0,20.0,5,188.0,0.0,0,0.0
Giles,2019-2020,Dec,3000.0,0.0,1,4.0,0.0,0,0.0
Giles,2019-2020,Jan,8440.0,30.0,5,289.0,8.0,0,0.0
Giles,2019-2020,Feb,8700.0,10.0,2,20.0,0.0,0,0.0
Giles,2019-2020,Mar,3820.0,10.0,2,170.0,0.0,0,0.0
Giles,2019-2020,Apr,200.0,10.0,2,4.0,0.0,6,6.0
Giles,2019-2020,May,1600.0,10.0,2,0.0,0.0,4,4.0
Giles,2019-2020,June,0.0,0.0,2,0.0,0.0,4,4.0
Grainger,2019-2020,July,14320.0,14320.0,0,49.5,15.5,0,0.0
Grainger,2019-2020,Aug,8620.0,8620.0,3,24.0,12.0,0,0.0
Grainger,2019-2020,Sept,7740.0,7740.0,3,33.5,0.0,0,0.0
Grainger,2019-2020,Oct,14900.0,14900.0,2,19.25,33.0,0,0.0
Grainger,2019-2020,Nov,11440.0,11440.0,4,18.5,15.5,0,0.0
Grainger,2019-2020,Dec,8160.0,8160.0,4,2.5,23.5,0,0.0
Grainger,2019-2020,Jan,10840.0,10840.0,3,15.5,16.5,0,0.0
Grainger,2019-2020,Feb,7360.0,7360.0,3,24.0,3.0,0,0.0
Grainger,2019-2020,Mar,0.0,0.0,0,0.0,0.0,0,0.0
Grainger,2019-2020,Apr,0.0,0.0,0,0.0,0.0,0,0.0
Grainger,2019-2020,May,0.0,0.0,0,0.0,0.0,0,0.0
Grainger,2019-2020,June,0.0,0.0,0,0.0,0.0,0,0.0
Greene,2019-2020,July,56245.0,9220.0,6,63.0,15.5,90,90.0
Greene,2019-2020,Aug,55640.0,8365.0,7,72.5,21.5,20,25.0
Greene,2019-2020,Sept,53645.0,8470.0,6,59.0,12.5,203,203.0
Greene,2019-2020,Oct,55545.0,8970.0,5,62.5,2.0,20,20.0
Greene,2019-2020,Nov,49295.0,8195.0,5,57.0,20.0,20,20.0
Greene,2019-2020,Dec,58075.0,9175.0,4,62.5,16.5,20,20.0
Greene,2019-2020,Jan,55253.0,9400.0,5,68.0,20.5,10,10.0
Greene,2019-2020,Feb,51345.0,8245.0,4,58.5,13.5,10,10.0
Greene,2019-2020,Mar,54465.0,8365.0,5,65.5,14.5,20,20.0
Greene,2019-2020,Apr,53595.0,8195.0,5,64.0,15.0,10,10.0
Greene,2019-2020,May,52520.0,7795.0,6,59.0,24.5,5,5.0
Greene,2019-2020,June,57170.0,8020.0,5,67.0,12.0,20,20.0
Grundy,2019-2020,July,7360.0,0.0,0,96.6,0.0,0,0.0
Grundy,2019-2020,Aug,9560.0,0.0,0,131.0,0.0,0,0.0
Grundy,2019-2020,Sept,6530.0,0.0,0,91.0,0.0,0,0.0
Grundy,2019-2020,Oct,5340.0,0.0,0,91.5,0.0,0,0.0
Grundy,2019-2020,Nov,9760.0,0.0,0,104.0,0.0,0,0.0
Grundy,2019-2020,Dec,15600.0,0.0,0,107.0,0.0,0,0.0
Grundy,2019-2020,Jan,10240.0,0.0,0,75.5,0.0,0,0.0
Grundy,2019-2020,Feb,5720.0,0.0,0,44.0,0.0,0,0.0
Grundy,2019-2020,Mar,7360.0,0.0,0,56.0,0.0,0,0.0
Grundy,2019-2020,Apr,5260.0,0.0,0,29.5,0.0,0,0.0
Grundy,2019-2020,May,14420.0,0.0,0,157.7,0.0,0,0.0
Grundy,2019-2020,June,5500.0,0.0,0,51.0,0.0,0,0.0
Hamblen,2019-2020,July,5980.0,0.0,0,212.6,164.0,7,26.25
Hamblen,2019-2020,Aug,6620.0,0.0,0,264.6,315.0,31,59.0
Hamblen,2019-2020,Sept,3880.0,0.0,0,323.6,145.0,45,93.5
Hamblen,2019-2020,Oct,6660.0,0.0,0,314.8,173.0,30,84.75
Hamblen,2019-2020,Nov,2800.0,0.0,0,112.0,255.0,13,34.5
Hamblen,2019-2020,Dec,3300.0,0.0,0,236.5,62.0,11,12.5
Hamblen,2019-2020,Jan,3520.0,0.0,0,172.7,71.0,22,51.0
Hamblen,2019-2020,Feb,5380.0,0.0,0,268.4,111.0,22,29.0
Hamblen,2019-2020,Mar,3540.0,0.0,0,225.8,41.0,26,119.25
Hamblen,2019-2020,Apr,1000.0,0.0,0,1.2,0.0,6,56.0
Hamblen,2019-2020,May,11080.0,0.0,0,548.7,68.0,31,61.1
Hamblen,2019-2020,June,1960.0,35100.0,3,425.0,128.0,34,78.25
Hamilton,2019-2020,July,18676.0,0.0,0,0.0,409.88,795,2385.0
Hamilton,2019-2020,Aug,16912.0,0.0,0,0.0,397.4,150,600.0
Hamilton,2019-2020,Sept,13041.0,0.0,0,1.1,373.76,250,1000.0
Hamilton,2019-2020,Oct,18907.0,0.0,0,2.0,390.24,1708,1000.0
Hamilton,2019-2020,Nov,16814.0,0.0,0,0.0,328.61,180,720.0
Hamilton,2019-2020,Dec,16247.0,0.0,0,0.0,312.56,80,320.0
Hamilton,2019-2020,Jan,14812.0,0.0,0,9.6,266.47,669,2676.0
Hamilton,2019-2020,Feb,20.65,0.0,0,0.6,214.88,107,428.0
Hamilton,2019-2020,Mar,8918.0,0.0,0,4.0,106.16,90,360.0
Hamilton,2019-2020,Apr,0.0,0.0,0,0.0,0.0,155,775.0
Hamilton,2019-2020,May,0.0,0.0,0,0.0,0.0,57,228.0
Hamilton,2019-2020,June,10304.0,0.0,0,0.0,64.92,83,332.0
Hancock,2019-2020,July,7325.0,7325.0,0,47.4,31.1,0,0.0
Hancock,2019-2020,Aug,7390.0,7390.0,0,67.5,27.2,0,0.0
Hancock,2019-2020,Sept,5870.0,5870.0,0,56.7,23.4,0,0.0
Hancock,2019-2020,Oct,5815.0,5815.0,0,38.3,31.1,0,0.0
Hancock,2019-2020,Nov,7120.0,7120.0,0,44.3,27.2,0,0.0
Hancock,2019-2020,Dec,6865.0,6865.0,0,50.3,31.1,0,0.0
Hancock,2019-2020,Jan,6880.0,6880.0,0,74.0,23.4,0,0.0
Hancock,2019-2020,Feb,7065.0,7065.0,0,63.6,27.2,0,0.0
Hancock,2019-2020,Mar,6970.0,6970.0,0,61.6,23.4,0,0.0
Hancock,2019-2020,Apr,7125.0,7125.0,0,49.7,31.1,0,0.0
Hancock,2019-2020,May,7360.0,7360.0,0,60.0,27.2,0,0.0
Hancock,2019-2020,June,7055.0,7055.0,0,43.3,23.4,0,0.0
Hardeman,2019-2020,July,0.0,0.0,0,0.0,0.0,0,0.0
Hardeman,2019-2020,Aug,0.0,0.0,0,0.0,0.0,0,0.0
Hardeman,2019-2020,Sept,0.0,0.0,0,0.0,0.0,0,0.0
Hardeman,2019-2020,Oct,0.0,0.0,0,0.0,0.0,0,0.0
Hardeman,2019-2020,Nov,0.0,0.0,0,0.0,0.0,0,0.0
Hardeman,2019-2020,Dec,0.0,0.0,0,0.0,0.0,0,0.0
Hardeman,2019-2020,Jan,0.0,0.0,0,0.0,0.0,0,0.0
Hardeman,2019-2020,Feb,0.0,0.0,0,0.0,0.0,0,0.0
Hardeman,2019-2020,Mar,0.0,0.0,0,0.0,0.0,0,0.0
Hardeman,2019-2020,Apr,0.0,0.0,0,0.0,0.0,0,0.0
Hardeman,2019-2020,May,0.0,0.0,0,0.0,0.0,0,0.0
Hardeman,2019-2020,June,0.0,0.0,0,0.0,7860.0,0,0.0
Hardin,2019-2020,July,5970.0,597.0,0,15.2,0.0,0,0.0
Hardin,2019-2020,Aug,9315.0,931.5,0,23.0,0.0,0,0.0
Hardin,2019-2020,Sept,4515.0,451.5,0,8.4,0.0,0,0.0
Hardin,2019-2020,Oct,4095.0,409.5,0,13.4,0.0,0,0.0
Hardin,2019-2020,Nov,3705.0,370.5,0,10.1,0.0,0,0.0
Hardin,2019-2020,Dec,4380.0,438.0,0,13.7,0.0,0,0.0
Hardin,2019-2020,Jan,6645.0,664.5,0,13.7,0.0,0,0.0
Hardin,2019-2020,Feb,5505.0,550.0,0,17.6,0.0,0,0.0
Hardin,2019-2020,Mar,8160.0,8160.0,0,17.6,0.0,0,0.0
Hardin,2019-2020,Apr,8475.0,847.5,0,19.8,0.0,0,0.0
Hardin,2019-2020,May,5190.0,519.0,0,11.6,0.0,0,0.0
Hardin,2019-2020,June,4050.0,405.0,0,15.0,0.0,0,0.0
Hawkins,2019-2020,July,27800.0,0.0,1,45.9,0.0,0,0.0
Hawkins,2019-2020,Aug,15110.0,0.0,0,51.1,0.0,0,0.0
Hawkins,2019-2020,Sept,10520.0,0.0,0,48.8,0.0,0,0.0
Hawkins,2019-2020,Oct,13220.0,0.0,0,44.8,0.0,0,0.0
Hawkins,2019-2020,Nov,13560.0,0.0,0,43.7,0.0,0,0.0
Hawkins,2019-2020,Dec,5910.0,0.0,0,19.7,0.0,0,0.0
Hawkins,2019-2020,Jan,18320.0,0.0,0,40.7,0.0,0,0.0
Hawkins,2019-2020,Feb,18320.0,0.0,0,40.7,0.0,0,0.0
Hawkins,2019-2020,Mar,24360.0,0.0,0,61.3,0.0,0,0.0
Hawkins,2019-2020,Apr,13800.0,0.0,0,34.6,0.0,16,64.0
Hawkins,2019-2020,May,10780.0,0.0,0,46.3,0.0,0,0.0
Hawkins,2019-2020,June,7610.0,0.0,0,34.7,0.0,0,0.0
Haywood,2019-2020,July,10960.0,5220.0,0,23.0,0.0,0,0.0
Haywood,2019-2020,Aug,15020.0,7420.0,0,22.0,0.0,0,0.0
Haywood,2019-2020,Sept,10780.0,6660.0,0,24.0,0.0,0,0.0
Haywood,2019-2020,Oct,8560.0,5100.0,0,23.0,0.0,0,0.0
Haywood,2019-2020,Nov,6300.0,2480.0,0,22.0,0.0,0,0.0
Haywood,2019-2020,Dec,11180.0,4280.0,0,21.0,0.0,0,0.0
Haywood,2019-2020,Jan,11220.0,3860.0,0,19.0,0.0,0,0.0
Haywood,2019-2020,Feb,7280.0,4020.0,0,21.0,0.0,0,0.0
Haywood,2019-2020,Mar,13660.0,5180.0,0,20.0,0.0,0,0.0
Haywood,2019-2020,Apr,4180.0,1060.0,0,19.0,0.0,0,0.0
Haywood,2019-2020,May,6120.0,3020.0,0,21.0,0.0,0,0.0
Haywood,2019-2020,June,8880.0,2020.0,0,10.5,0.0,0,0.0
Henderson,2019-2020,July,0.0,0.0,0,0.0,0.0,0,0.0
Henderson,2019-2020,Aug,8120.0,8120.0,1,45.3,0.0,0,0.0
Henderson,2019-2020,Sept,6400.0,6400.0,0,34.8,0.0,0,0.0
Henderson,2019-2020,Oct,13030.0,13030.0,2,31.0,0.0,0,0.0
Henderson,2019-2020,Nov,13440.0,13440.0,2,37.1,0.0,0,0.0
Henderson,2019-2020,Dec,15090.0,15090.0,1,32.3,0.0,0,0.0
Henderson,2019-2020,Jan,15140.0,15140.0,2,37.7,0.0,0,0.0
Henderson,2019-2020,Feb,10710.0,10710.0,1,32.2,0.0,0,0.0
Henderson,2019-2020,Mar,7525.0,7525.0,1,46.7,0.0,0,0.0
Henderson,2019-2020,Apr,3110.0,3110.0,2,0.0,0.0,0,0.0
Henderson,2019-2020,May,14970.0,14970.0,1,0.0,0.0,0,0.0
Henderson,2019-2020,June,6970.0,6970.0,2,27.0,0.0,0,0.0
Henry,2019-2020,July,5160.0,0.0,3,74.0,0.0,0,0.0
Henry,2019-2020,Aug,5280.0,0.0,0,83.0,0.0,0,0.0
Henry,2019-2020,Sept,1560.0,0.0,3,57.0,0.0,0,0.0
Henry,2019-2020,Oct,8200.0,0.0,0,72.0,0.0,0,0.0
Henry,2019-2020,Nov,3920.0,0.0,0,60.0,0.0,16,320.0
Henry,2019-2020,Dec,1800.0,0.0,0,53.0,0.0,2,2.0
Henry,2019-2020,Jan,4440.0,0.0,2,75.0,0.0,0,0.0
Henry,2019-2020,Feb,4280.0,0.0,1,72.0,0.0,0,0.0
Henry,2019-2020,Mar,6055.0,0.0,0,86.0,0.0,1,3.0
Henry,2019-2020,Apr,4880.0,0.0,2,85.0,0.0,0,0.0
Henry,2019-2020,May,3820.0,0.0,0,80.0,0.0,0,0.0
Henry,2019-2020,June,2660.0,0.0,1,77.0,0.0,0,0.0
Hickman,2019-2020,July,35380.0,35380.0,54,10.1,2.9,0,0.0
Hickman,2019-2020,Aug,26120.0,26120.0,66,17.5,2.7,0,0.0
Hickman,2019-2020,Sept,26120.0,28640.0,54,8.1,2.7,0,0.0
Hickman,2019-2020,Oct,37640.0,37640.0,77,12.9,2.7,0,0.0
Hickman,2019-2020,Nov,29520.0,29520.0,52,10.4,2.7,0,0.0
Hickman,2019-2020,Dec,3770.0,37730.0,69,9.0,2.7,0,0.0
Hickman,2019-2020,Jan,32160.0,32160.0,62,5.0,0.0,0,0.0
Hickman,2019-2020,Feb,40540.0,40540.0,62,2.1,4.8,0,0.0
Hickman,2019-2020,Mar,21580.0,21580.0,33,2.1,1.9,0,0.0
Hickman,2019-2020,Apr,21580.0,4500.0,4,1.0,0.0,0,0.0
Hickman,2019-2020,May,50820.0,50820.0,68,6.1,1.0,0,0.0
Hickman,2019-2020,June,19430.0,19430.0,33,2.4,0.0,0,0.0
Houston,2019-2020,July,158.0,123.0,1,36.0,0.0,0,0.0
Houston,2019-2020,Aug,8700.0,123.0,1,28.0,0.0,0,0.0
Houston,2019-2020,Sept,242.0,0.0,1,45.0,0.0,0,0.0
Houston,2019-2020,Oct,61.0,0.0,1,30.0,0.0,0,0.0
Houston,2019-2020,Nov,0.0,536.0,1,36.0,0.0,0,0.0
Houston,2019-2020,Dec,1280.0,0.0,1,15.0,0.0,0,0.0
Houston,2019-2020,Jan,24820.0,250.0,1,73.0,0.0,0,0.0
Houston,2019-2020,Feb,32.0,250.0,1,32.0,0.0,0,0.0
Houston,2019-2020,Mar,0.0,0.0,0,0.0,0.0,0,0.0
Houston,2019-2020,Apr,250.0,0.0,1,0.0,0.0,0,0.0
Houston,2019-2020,May,310.0,0.0,1,107.0,0.0,0,0.0
Houston,2019-2020,June,250.0,250.0,1,30.0,200.0,0,0.0
Humphreys,2019-2020,July,0.0,0.0,1,19.1,5.0,0,0.0
Humphreys,2019-2020,Aug,4080.0,0.0,1,11.9,0.0,0,0.0
Humphreys,2019-2020,Sept,4600.0,0.0,0,4.3,5.5,0,0.0
Humphreys,2019-2020,Oct,11762.0,0.0,0,5.8,9.0,0,0.0
Humphreys,2019-2020,Nov,2000.0,0.0,0,2.5,0.0,0,0.0
Humphreys,2019-2020,Dec,0.0,0.0,0,0.0,0.0,0,0.0
Humphreys,2019-2020,Jan,2260.0,0.0,0,6.5,0.0,0,0.0
Humphreys,2019-2020,Feb,2600.0,0.0,0,1.5,0.0,0,0.0
Humphreys,2019-2020,Mar,0.0,0.0,0,1.5,740.0,0,0.0
Humphreys,2019-2020,Apr,0.0,0.0,0,2.5,2220.0,0,0.0
Humphreys,2019-2020,May,0.0,0.0,0,0.5,700.0,0,0.0
Humphreys,2019-2020,June,0.0,0.0,0,0.0,0.0,0,0.0
Jackson,2019-2020,July,9195.0,0.0,0,270.0,542.0,0,0.0
Jackson,2019-2020,Aug,1138.0,0.0,0,107.0,0.0,0,0.0
Jackson,2019-2020,Sept,11172.0,0.0,0,107.0,376.0,0,0.0
Jackson,2019-2020,Oct,5218.0,0.0,0,552.0,59.0,0,0.0
Jackson,2019-2020,Nov,1833.0,0.0,0,198.0,5.0,0,0.0
Jackson,2019-2020,Dec,3399.0,36.0,1,168.0,101.0,0,0.0
Jackson,2019-2020,Jan,7230.0,0.0,2,431.0,51.0,0,0.0
Jackson,2019-2020,Feb,3940.0,0.0,0,167.0,69.0,0,0.0
Jackson,2019-2020,Mar,3705.0,0.0,0,125.0,50.0,0,0.0
Jackson,2019-2020,Apr,0.0,0.0,0,0.0,0.0,0,0.0
Jackson,2019-2020,May,2285.0,0.0,0,139.0,0.0,0,0.0
Jackson,2019-2020,June,256.16,0.0,0,285.0,701.0,0,0.0
Jefferson,2019-2020,July,5700.0,200.0,0,32.71,11.0,0,0.0
Jefferson,2019-2020,Aug,200.0,0.0,0,0.0,4480.0,0,0.0
Jefferson,2019-2020,Sept,12840.0,400.0,0,22.76,43.2,0,0.0
Jefferson,2019-2020,Oct,13160.0,400.0,0,63.36,5.0,0,0.0
Jefferson,2019-2020,Nov,9960.0,400.0,0,35.81,10.8,0,0.0
Jefferson,2019-2020,Dec,17180.0,375.0,0,49.85,16.3,0,0.0
Jefferson,2019-2020,Jan,24200.0,600.0,0,74.53,11.8,0,0.0
Jefferson,2019-2020,Feb,13660.0,550.0,0,40.39,14.0,0,0.0
Jefferson,2019-2020,Mar,25840.0,350.0,0,68.79,21.3,0,0.0
Jefferson,2019-2020,Apr,3160.0,150.0,0,21.25,0.0,0,0.0
Jefferson,2019-2020,May,8000.0,200.0,0,97.19,1.0,0,0.0
Jefferson,2019-2020,June,7580.0,200.0,0,63.84,1.5,0,0.0
Johnson,2019-2020,July,2100.0,0.0,2,8.0,2.0,0,0.0
Johnson,2019-2020,Aug,0.0,0.0,1,6.0,0.0,0,0.0
Johnson,2019-2020,Sept,1940.0,0.0,1,10.0,5.0,0,0.0
Johnson,2019-2020,Oct,1240.0,0.0,2,6.0,5.0,0,0.0
Johnson,2019-2020,Nov,1380.0,0.0,1,10.0,0.0,0,0.0
Johnson,2019-2020,Dec,1680.0,0.0,2,15.0,0.0,0,0.0
Johnson,2019-2020,Jan,2640.0,0.0,2,10.0,0.0,0,0.0
Johnson,2019-2020,Feb,1280.0,0.0,1,1.0,0.0,0,0.0
Johnson,2019-2020,Mar,1600.0,0.0,1,16.0,0.0,0,0.0
Johnson,2019-2020,Apr,0.0,0.0,0,0.0,0.0,0,0.0
Johnson,2019-2020,May,2840.0,0.0,1,0.0,0.0,0,0.0
Johnson,2019-2020,June,280.0,1.0,1,2.0,0.0,0,0.0
Knox,2019-2020,July,13780.0,6026.0,36,86.0,0.0,0,0.0
Knox,2019-2020,Aug,11190.0,4225.0,22,74.0,0.0,0,0.0
Knox,2019-2020,Sept,10560.0,6545.0,20,59.5,0.0,0,0.0
Knox,2019-2020,Oct,16510.0,2270.0,26,77.5,0.0,0,0.0
Knox,2019-2020,Nov,10155.0,3850.0,28,80.5,0.0,0,0.0
Knox,2019-2020,Dec,11258.0,5685.0,25,73.5,0.0,0,0.0
Knox,2019-2020,Jan,12215.0,8075.0,22,75.0,0.0,0,0.0
Knox,2019-2020,Feb,9720.0,1925.0,17,51.5,0.0,0,0.0
Knox,2019-2020,Mar,7505.0,2750.0,17,45.7,0.0,0,0.0
Knox,2019-2020,Apr,1095.0,0.0,0,15.0,0.0,0,0.0
Knox,2019-2020,May,4860.0,275.0,16,27.5,0.0,0,0.0
Knox,2019-2020,June,7760.0,3250.0,42,64.0,0.0,0,0.0
Lake,2019-2020,July,0.0,0.0,0,0.0,0.0,0,0.0
Lake,2019-2020,Aug,1155.0,1155.0,0,86.0,16.0,0,0.0
Lake,2019-2020,Sept,7990.0,7990.0,0,82.0,73.0,0,0.0
Lake,2019-2020,Oct,6005.0,6005.0,0,49.0,28.0,0,0.0
Lake,2019-2020,Nov,2735.0,32735.0,0,27.0,0.0,0,0.0
Lake,2019-2020,Dec,3010.0,3010.0,0,22.0,7.0,0,0.0
Lake,2019-2020,Jan,1500.0,1500.0,0,15.0,2.0,0,0.0
Lake,2019-2020,Feb,1480.0,1480.0,0,18.0,0.0,0,0.0
Lake,2019-2020,Mar,5775.0,5775.0,0,48.0,8.0,0,0.0
Lake,2019-2020,Apr,0.0,0.0,0,0.0,0.0,0,0.0
Lake,2019-2020,May,2210.0,2210.0,0,18.0,0.0,0,0.0
Lake,2019-2020,June,5510.0,5510.0,0,31.0,4.0,0,0.0
Lauderdale,2019-2020,July,23320.0,1166.0,4,1074.0,0.0,0,0.0
Lauderdale,2019-2020,Aug,30520.0,0.0,4,1077.0,0.0,0,0.0
Lauderdale,2019-2020,Sept,17100.0,855.0,4,1154.0,0.0,0,0.0
Lauderdale,2019-2020,Oct,11480.0,574.0,4,888.0,0.0,0,0.0
Lauderdale,2019-2020,Nov,10660.0,533.0,4,821.0,0.0,0,0.0
Lauderdale,2019-2020,Dec,14640.0,732.0,4,788.0,0.0,0,0.0
Lauderdale,2019-2020,Jan,16640.0,832.0,4,870.0,0.0,0,0.0
Lauderdale,2019-2020,Feb,7240.0,362.0,4,474.0,0.0,0,0.0
Lauderdale,2019-2020,Mar,8660.0,453.0,4,673.0,0.0,0,0.0
Lauderdale,2019-2020,Apr,0.0,0.0,0,0.0,0.0,0,0.0
Lauderdale,2019-2020,May,5640.0,282.0,4,410.0,0.0,0,0.0
Lauderdale,2019-2020,June,13830.0,692.0,4,767.0,0.0,0,0.0
Lawrence,2019-2020,July,3490.0,0.0,0,21.0,0.0,0,0.0
Lawrence,2019-2020,Aug,3760.0,0.0,0,20.5,0.0,0,0.0
Lawrence,2019-2020,Sept,3750.0,0.0,0,14.0,0.0,0,0.0
Lawrence,2019-2020,Oct,2520.0,0.0,0,10.0,0.0,0,0.0
Lawrence,2019-2020,Nov,5726.0,0.0,0,14.5,0.0,0,0.0
Lawrence,2019-2020,Dec,28800.0,0.0,0,13.0,0.0,0,0.0
Lawrence,2019-2020,Jan,2440.0,0.0,0,11.0,0.0,0,0.0
Lawrence,2019-2020,Feb,3280.0,0.0,0,8.0,0.0,0,0.0
Lawrence,2019-2020,Mar,4440.0,0.0,0,12.0,0.0,0,0.0
Lawrence,2019-2020,Apr,0.0,0.0,0,0.0,0.0,0,0.0
Lawrence,2019-2020,May,600.0,0.0,0,4.0,0.0,0,0.0
Lawrence,2019-2020,June,4640.0,0.0,0,25.0,0.0,0,0.0
Lewis,2019-2020,July,21870.0,28.0,3,685.0,595.0,0,0.0
Lewis,2019-2020,Aug,25220.0,30.0,3,790.0,655.0,0,0.0
Lewis,2019-2020,Sept,23640.0,20.0,0,680.0,605.0,0,0.0
Lewis,2019-2020,Oct,18220.0,19.0,1,455.0,555.0,0,0.0
Lewis,2019-2020,Nov,20780.0,29.0,1,500.0,610.0,0,0.0
Lewis,2019-2020,Dec,17160.0,20.0,0,545.0,360.0,0,0.0
Lewis,2019-2020,Jan,21800.0,26.0,2,595.0,457.0,0,0.0
Lewis,2019-2020,Feb,25940.0,24.0,3,805.0,530.0,0,0.0
Lewis,2019-2020,Mar,23545.0,28.0,3,635.0,600.0,0,0.0
Lewis,2019-2020,Apr,18760.0,20.0,0,615.0,365.0,0,0.0
Lewis,2019-2020,May,22240.0,26.0,0,730.0,460.0,0,0.0
Lewis,2019-2020,June,25640.0,34.0,0,855.0,555.0,0,0.0
Lincoln,2019-2020,July,6610.0,0.0,3,5.0,29.1,0,0.0
Lincoln,2019-2020,Aug,11020.0,0.0,0,64.0,15.0,0,0.0
Lincoln,2019-2020,Sept,6240.0,0.0,3,14.0,12.0,0,0.0
Lincoln,2019-2020,Oct,9320.0,0.0,9,23.5,0.0,0,0.0
Lincoln,2019-2020,Nov,11400.0,0.0,8,36.0,8.0,0,0.0
Lincoln,2019-2020,Dec,3220.0,0.0,2,13.0,0.0,0,0.0
Lincoln,2019-2020,Jan,5080.0,0.0,4,22.0,2.0,0,0.0
Lincoln,2019-2020,Feb,4100.0,0.0,1,4.5,3.0,0,0.0
Lincoln,2019-2020,Mar,6900.0,0.0,0,23.75,0.75,0,0.0
Lincoln,2019-2020,Apr,0.0,0.0,0,0.0,0.0,0,0.0
Lincoln,2019-2020,May,0.0,0.0,0,0.0,0.0,0,0.0
Lincoln,2019-2020,June,0.0,0.0,0,0.0,0.0,0,0.0
Loudon,2019-2020,July,13794.0,0.0,0,6.0,27.8,0,0.0
Loudon,2019-2020,Aug,13213.0,0.0,0,23.3,25.0,0,0.0
Loudon,2019-2020,Sept,11550.0,0.0,0,22.7,4.1,0,0.0
Loudon,2019-2020,Oct,17952.0,0.0,0,33.5,20.0,0,0.0
Loudon,2019-2020,Nov,13716.0,0.0,0,28.4,10.1,0,0.0
Loudon,2019-2020,Dec,21375.0,0.0,0,30.2,28.3,0,0.0
Loudon,2019-2020,Jan,16137.0,0.0,0,27.7,9.3,0,0.0
Loudon,2019-2020,Feb,24354.0,0.0,0,30.8,31.2,0,0.0
Loudon,2019-2020,Mar,17193.0,0.0,0,29.1,15.0,0,0.0
Loudon,2019-2020,Apr,1320.0,0.0,0,5.8,0.0,0,0.0
Loudon,2019-2020,May,14817.0,0.0,0,28.4,23.8,0,0.0
Loudon,2019-2020,June,17721.0,0.0,0,62.3,12.1,0,0.0
Macon,2019-2020,July,9980.0,0.0,0,12.0,6.0,0,0.0
Macon,2019-2020,Aug,8432.0,0.0,0,10.0,4.0,0,0.0
Macon,2019-2020,Sept,7654.0,0.0,0,8.0,6.0,0,0.0
Macon,2019-2020,Oct,6140.0,0.0,0,10.0,4.0,0,0.0
Macon,2019-2020,Nov,3420.0,0.0,0,4.0,4.0,0,0.0
Macon,2019-2020,Dec,1250.0,674.0,0,4.0,0.0,0,0.0
Macon,2019-2020,Jan,3416.0,674.0,0,4.0,6.0,0,0.0
Macon,2019-2020,Feb,3416.0,0.0,0,8.0,2.0,0,0.0
Macon,2019-2020,Mar,0.0,0.0,0,0.0,0.0,0,0.0
Macon,2019-2020,Apr,0.0,0.0,0,0.0,0.0,0,0.0
Macon,2019-2020,May,0.0,0.0,0,0.0,0.0,0,0.0
Macon,2019-2020,June,0.0,0.0,0,0.0,0.0,0,0.0
Madison,2019-2020,July,7740.0,7740.0,0,16.5,0.0,0,0.0
Madison,2019-2020,Aug,10420.0,10420.0,2,28.0,0.0,0,0.0
Madison,2019-2020,Sept,7040.0,7040.0,1,18.0,0.0,0,0.0
Madison,2019-2020,Oct,7420.0,7420.0,4,26.0,0.0,0,0.0
Madison,2019-2020,Nov,6500.0,6500.0,4,23.0,0.0,0,0.0
Madison,2019-2020,Dec,9560.0,9560.0,2,16.0,0.0,0,0.0
Madison,2019-2020,Jan,11580.0,11580.0,8,18.0,0.0,0,0.0
Madison,2019-2020,Feb,7080.0,6400.0,3,6.5,0.0,0,0.0
Madison,2019-2020,Mar,11380.0,11380.0,3,22.0,0.0,0,0.0
Madison,2019-2020,Apr,12700.0,12700.0,2,26.5,0.0,0,0.0
Madison,2019-2020,May,9180.0,9180.0,3,22.5,0.0,0,0.0
Madison,2019-2020,June,8560.0,8560.0,0,19.0,0.0,0,0.0
Marion,2019-2020,July,14700.0,0.0,0,1223.0,0.0,2,2.0
Marion,2019-2020,Aug,14500.0,0.0,0,994.0,0.0,1,1.0
Marion,2019-2020,Sept,12060.0,0.0,0,1201.0,0.0,2,2.0
Marion,2019-2020,Oct,11620.0,0.0,0,1540.0,0.0,20,8.0
Marion,2019-2020,Nov,7120.0,0.0,0,1082.0,0.0,0,0.0
Marion,2019-2020,Dec,7680.0,0.0,0,1088.0,0.0,1,1.0
Marion,2019-2020,Jan,10420.0,0.0,0,1315.0,0.0,1,2.0
Marion,2019-2020,Feb,12640.0,0.0,0,1241.0,0.0,1,1.0
Marion,2019-2020,Mar,13660.0,0.0,0,1455.0,0.0,1,1.0
Marion,2019-2020,Apr,0.0,0.0,0,0.0,0.0,0,0.0
Marion,2019-2020,May,15420.0,0.0,0,1181.0,0.0,0,0.0
Marion,2019-2020,June,21080.0,0.0,1,1036.0,0.0,0,0.0
Marshall,2019-2020,July,1876.0,470.0,0,84.0,0.0,0,0.0
Marshall,2019-2020,Aug,945.0,236.0,0,43.0,0.0,0,0.0
Marshall,2019-2020,Sept,0.0,1253.0,313,58.0,0.0,0,0.0
Marshall,2019-2020,Oct,954.0,242.0,0,42.0,0.0,0,0.0
Marshall,2019-2020,Nov,854.0,224.0,0,28.0,0.0,0,0.0
Marshall,2019-2020,Dec,1161.0,296.0,0,41.0,0.0,0,0.0
Marshall,2019-2020,Jan,1379.0,339.0,0,38.0,0.0,0,0.0
Marshall,2019-2020,Feb,1292.0,340.0,0,29.0,0.0,0,0.0
Marshall,2019-2020,Mar,996.0,264.0,0,23.0,0.0,0,0.0
Marshall,2019-2020,Apr,664.0,169.0,0,6.0,0.0,0,0.0
Marshall,2019-2020,May,986.0,251.0,0,15.0,0.0,0,0.0
Marshall,2019-2020,June,1623.0,414.0,0,25.0,0.0,0,0.0
Maury,2019-2020,July,9.0,11562.0,0,58.0,89.0,0,0.0
Maury,2019-2020,Aug,11651.0,3.0,2,102.0,12.0,0,0.0
Maury,2019-2020,Sept,11045.0,0.0,2,93.0,12.0,45,204.0
Maury,2019-2020,Oct,16475.0,5.0,0,97.6,10.0,0,0.0
Maury,2019-2020,Nov,12220.0,5.0,0,92.5,5.0,0,0.0
Maury,2019-2020,Dec,14435.0,0.0,5,95.7,8.0,0,0.0
Maury,2019-2020,Jan,12882.0,0.0,0,105.0,8.0,0,0.0
Maury,2019-2020,Feb,14490.0,7.0,1,88.0,4.0,0,0.0
Maury,2019-2020,Mar,21405.0,0.0,0,97.25,10.0,0,0.0
Maury,2019-2020,Apr,22520.0,0.0,0,107.0,2.0,0,0.0
Maury,2019-2020,May,825.0,0.0,1,5.0,10.0,0,0.0
Maury,2019-2020,June,19130.0,0.0,0,125.0,4.0,0,0.0
McMinn,2019-2020,July,7220.0,0.0,0,572.0,43.0,86,86.0
McMinn,2019-2020,Aug,0.0,0.0,0,95.0,14280.0,23,92.0
McMinn,2019-2020,Sept,17180.0,0.0,0,750.0,296.0,10,50.0
McMinn,2019-2020,Oct,43260.0,0.0,0,809.0,73.0,19,102.0
McMinn,2019-2020,Nov,14060.0,0.0,0,603.0,0.0,19,43.0
McMinn,2019-2020,Dec,16000.0,0.0,0,835.0,32.0,12,28.0
McMinn,2019-2020,Jan,23840.0,0.0,0,795.0,82.0,16,23.0
McMinn,2019-2020,Feb,27360.0,0.0,0,736.0,66.0,3,6.0
McMinn,2019-2020,Mar,0.0,0.0,0,0.0,0.0,0,0.0
McMinn,2019-2020,Apr,0.0,0.0,0,0.0,0.0,5,5.0
McMinn,2019-2020,May,8740.0,0.0,0,330.0,32.0,6,6.0
McMinn,2019-2020,June,9380.0,0.0,0,796.0,32.0,0,0.0
McNairy,2019-2020,July,200.0,0.0,0,39.0,0.0,0,0.0
McNairy,2019-2020,Aug,200.0,0.0,1,128.0,0.0,0,0.0
McNairy,2019-2020,Sept,250.0,0.0,0,400.0,0.0,0,0.0
McNairy,2019-2020,Oct,150.0,150.0,0,118.0,0.0,0,0.0
McNairy,2019-2020,Nov,0.0,0.0,0,0.0,0.0,0,0.0
McNairy,2019-2020,Dec,0.0,0.0,0,0.0,0.0,0,0.0
McNairy,2019-2020,Jan,200.0,0.0,0,232.0,0.0,0,0.0
McNairy,2019-2020,Feb,0.0,0.0,0,0.0,0.0,0,0.0
McNairy,2019-2020,Mar,150.0,0.0,0,109.0,0.0,0,0.0
McNairy,2019-2020,Apr,0.0,0.0,0,0.0,0.0,0,0.0
McNairy,2019-2020,May,264.0,264.0,0,82.0,0.0,0,0.0
McNairy,2019-2020,June,1886.0,1886.0,1,58.0,0.0,0,0.0
Meigs,2019-2020,July,6760.0,0.0,3,37.0,4.0,0,0.0
Meigs,2019-2020,Aug,6600.0,0.0,0,43.5,0.0,0,0.0
Meigs,2019-2020,Sept,3280.0,0.0,2,32.0,4.0,0,0.0
Meigs,2019-2020,Oct,10260.0,0.0,2,43.0,9.0,0,0.0
Meigs,2019-2020,Nov,10320.0,0.0,1,44.0,0.0,0,0.0
Meigs,2019-2020,Dec,3420.0,0.0,6,21.0,0.0,0,0.0
Meigs,2019-2020,Jan,22985.0,0.0,3,71.0,0.0,0,0.0
Meigs,2019-2020,Feb,11225.0,0.0,0,58.0,0.0,0,0.0
Meigs,2019-2020,Mar,24535.0,0.0,0,92.0,0.0,0,0.0
Meigs,2019-2020,Apr,17400.0,0.0,6,132.0,2.0,0,0.0
Meigs,2019-2020,May,0.0,2.0,0,58.0,0.0,0,0.0
Meigs,2019-2020,June,26085.0,0.0,3,154.0,4.0,0,0.0
Monroe,2019-2020,July,31740.0,220.0,3,50.6,51.1,0,0.0
Monroe,2019-2020,Aug,35920.0,782.0,5,55.8,48.6,0,0.0
Monroe,2019-2020,Sept,49680.0,1240.0,2,104.6,38.3,0,0.0
Monroe,2019-2020,Oct,50160.0,1120.0,3,69.8,67.9,0,0.0
Monroe,2019-2020,Nov,23630.0,750.0,1,31.3,36.1,0,0.0
Monroe,2019-2020,Dec,31860.0,1150.0,1,56.6,31.8,0,0.0
Monroe,2019-2020,Jan,51660.0,1840.0,0,105.25,36.3,0,0.0
Monroe,2019-2020,Feb,21880.0,580.0,1,33.4,28.9,0,0.0
Monroe,2019-2020,Mar,25540.0,470.0,0,53.0,30.5,0,0.0
Monroe,2019-2020,Apr,0.0,0.0,0,0.0,0.0,0,0.0
Monroe,2019-2020,May,0.0,0.0,0,0.0,0.0,0,0.0
Monroe,2019-2020,June,0.0,0.0,0,0.0,0.0,0,0.0
Montgomery,2019-2020,July,10688.75,10688.75,19,2.0,26.9,0,0.0
Montgomery,2019-2020,Aug,8096.0,80966.0,6,0.0,25.5,0,0.0
Montgomery,2019-2020,Sept,14357.0,7034.0,11,0.0,34.75,0,0.0
Montgomery,2019-2020,Oct,15451.0,15451.0,23,1.5,28.9,0,0.0
Montgomery,2019-2020,Nov,5779.0,5779.0,16,1.5,10.5,0,0.0
Montgomery,2019-2020,Dec,16220.0,16220.0,11,6.5,23.3,0,0.0
Montgomery,2019-2020,Jan,6170.0,6170.0,13,2.0,9.6,0,0.0
Montgomery,2019-2020,Feb,12428.0,12428.0,40,4.7,17.9,0,0.0
Montgomery,2019-2020,Mar,24900.0,24900.0,5,0.0,37.9,0,0.0
Montgomery,2019-2020,Apr,0.0,0.0,0,0.0,0.0,0,0.0
Montgomery,2019-2020,May,0.0,0.0,0,0.0,0.0,0,0.0
Montgomery,2019-2020,June,0.0,0.0,0,0.0,0.0,0,0.0
Moore,2019-2020,July,3201.0,0.0,0,23.05,0.0,0,0.0
Moore,2019-2020,Aug,5405.0,0.0,0,20.9,0.0,0,0.0
Moore,2019-2020,Sept,2295.0,11.7,0,8.8,0.0,0,0.0
Moore,2019-2020,Oct,5840.0,11.7,0,17.3,0.0,0,0.0
Moore,2019-2020,Nov,4330.0,27.0,0,15.7,0.0,0,0.0
Moore,2019-2020,Dec,4225.0,26.0,0,13.3,0.0,0,0.0
Moore,2019-2020,Jan,6135.0,39.0,0,17.7,0.0,0,0.0
Moore,2019-2020,Feb,4335.0,24.0,0,9.8,0.0,0,0.0
Moore,2019-2020,Mar,4825.0,19.2,0,13.8,0.0,0,0.0
Moore,2019-2020,Apr,4720.0,27.0,0,18.3,0.0,0,0.0
Moore,2019-2020,May,2650.0,16.0,0,14.6,0.0,0,0.0
Moore,2019-2020,June,3620.0,20.0,0,15.3,0.0,0,0.0
Morgan,2019-2020,July,2635.0,27.0,0,10.0,18.5,0,0.0
Morgan,2019-2020,Aug,2135.0,26.0,0,12.0,11.5,0,0.0
Morgan,2019-2020,Sept,2765.0,22.0,0,12.0,11.5,0,0.0
Morgan,2019-2020,Oct,2260.0,25.0,1,12.0,11.5,0,0.0
Morgan,2019-2020,Nov,2645.0,27.0,2,8.0,24.0,0,0.0
Morgan,2019-2020,Dec,2235.0,23.0,0,14.0,8.0,0,0.0
Morgan,2019-2020,Jan,2050.0,15.0,0,13.0,8.5,0,0.0
Morgan,2019-2020,Feb,2125.0,25.0,1,14.5,7.5,0,0.0
Morgan,2019-2020,Mar,1210.0,14.0,0,6.2,5.2,0,0.0
Morgan,2019-2020,Apr,2496.0,31.0,0,13.5,8.0,0,0.0
Morgan,2019-2020,May,2230.0,25.0,0,12.0,8.5,0,0.0
Morgan,2019-2020,June,2640.0,27.0,0,19.5,5.0,0,0.0
Obion,2019-2020,July,6080.0,23.0,0,107.0,0.0,0,0.0
Obion,2019-2020,Aug,9380.0,0.0,0,32.0,0.0,0,0.0
Obion,2019-2020,Sept,5240.0,154.0,0,89.0,0.0,0,0.0
Obion,2019-2020,Oct,2640.0,155.0,0,47.0,0.0,0,0.0
Obion,2019-2020,Nov,0.0,0.0,0,0.0,0.0,0,0.0
Obion,2019-2020,Dec,0.0,0.0,0,0.0,0.0,0,0.0
Obion,2019-2020,Jan,0.0,0.0,0,0.0,0.0,0,0.0
Obion,2019-2020,Feb,0.0,0.0,0,0.0,0.0,0,0.0
Obion,2019-2020,Mar,6120.0,0.0,0,23.0,0.0,0,0.0
Obion,2019-2020,Apr,0.0,0.0,0,0.0,0.0,0,0.0
Obion,2019-2020,May,0.0,0.0,0,9.0,0.0,0,0.0
Obion,2019-2020,June,920.0,0.0,0,9.0,0.0,0,0.0
Overton,2019-2020,July,18360.0,0.0,1,29.6,0.0,0,0.0
Overton,2019-2020,Aug,12300.0,0.0,1,49.1,0.0,0,0.0
Overton,2019-2020,Sept,11200.0,0.0,1,43.8,0.0,0,0.0
Overton,2019-2020,Oct,14420.0,0.0,4,65.6,0.0,0,0.0
Overton,2019-2020,Nov,15920.0,0.0,2,53.1,0.0,0,0.0
Overton,2019-2020,Dec,20720.0,0.0,6,53.5,0.0,0,0.0
Overton,2019-2020,Jan,24200.0,0.0,3,61.2,0.0,0,0.0
Overton,2019-2020,Feb,28460.0,0.0,9,29.2,0.0,0,0.0
Overton,2019-2020,Mar,18600.0,0.0,2,36.9,0.0,0,0.0
Overton,2019-2020,Apr,5140.0,0.0,4,4.6,0.0,0,0.0
Overton,2019-2020,May,15320.0,0.0,2,50.7,0.0,0,0.0
Overton,2019-2020,June,18520.0,0.0,0,102.4,0.0,0,0.0
Perry,2019-2020,July,975.0,975.0,0,1620.0,0.0,0,0.0
Perry,2019-2020,Aug,886.0,86.0,0,1620.0,0.0,0,0.0
Perry,2019-2020,Sept,903.0,903.0,0,1620.0,0.0,0,0.0
Perry,2019-2020,Oct,723.0,723.0,0,1620.0,0.0,0,0.0
Perry,2019-2020,Nov,687.0,687.0,0,1620.0,0.0,0,0.0
Perry,2019-2020,Dec,564.0,564.0,0,1620.0,0.0,0,0.0
Perry,2019-2020,Jan,520.0,520.0,0,1620.0,0.0,0,0.0
Perry,2019-2020,Feb,621.0,621.0,0,1620.0,0.0,0,0.0
Perry,2019-2020,Mar,610.0,610.0,0,1620.0,0.0,0,0.0
Perry,2019-2020,Apr,622.0,622.0,0,1620.0,0.0,0,0.0
Perry,2019-2020,May,620.0,620.0,0,1620.0,0.0,0,0.0
Perry,2019-2020,June,521.0,521.0,0,1620.0,0.0,0,0.0
Pickett,2019-2020,July,2760.0,0.0,0,9.75,0.0,0,0.0
Pickett,2019-2020,Aug,3340.0,0.0,0,54.65,0.0,0,0.0
Pickett,2019-2020,Sept,3720.0,0.0,0,86.25,0.0,0,0.0
Pickett,2019-2020,Oct,5200.0,0.0,0,81.25,0.0,0,0.0
Pickett,2019-2020,Nov,4140.0,0.0,0,80.25,0.0,0,0.0
Pickett,2019-2020,Dec,3940.0,0.0,0,69.25,0.0,0,0.0
Pickett,2019-2020,Jan,3680.0,0.0,0,59.75,0.0,0,0.0
Pickett,2019-2020,Feb,2160.0,0.0,0,62.0,0.0,0,0.0
Pickett,2019-2020,Mar,3020.0,0.0,0,61.0,0.0,0,0.0
Pickett,2019-2020,Apr,2060.0,0.0,0,53.35,0.0,0,0.0
Pickett,2019-2020,May,2800.0,0.0,0,44.25,0.0,0,0.0
Pickett,2019-2020,June,2400.0,0.0,0,54.0,0.0,0,0.0
Polk,2019-2020,July,2200.0,0.0,1,34.0,18.0,0,0.0
Polk,2019-2020,Aug,1750.0,0.0,2,55.0,0.0,0,0.0
Polk,2019-2020,Sept,1750.0,0.0,2,55.0,0.0,0,0.0
Polk,2019-2020,Oct,0.0,0.0,2,0.0,0.0,0,0.0
Polk,2019-2020,Nov,900.0,0.0,2,30.0,0.0,0,0.0
Polk,2019-2020,Dec,2200.0,0.0,0,66.0,0.0,0,0.0
Polk,2019-2020,Jan,0.0,0.0,0,0.0,0.0,0,0.0
Polk,2019-2020,Feb,0.0,0.0,0,0.0,0.0,0,0.0
Polk,2019-2020,Mar,0.0,0.0,0,0.0,0.0,0,0.0
Polk,2019-2020,Apr,0.0,0.0,0,0.0,0.0,0,0.0
Polk,2019-2020,May,0.0,0.0,0,0.0,0.0,0,0.0
Polk,2019-2020,June,0.0,0.0,0,0.0,0.0,0,0.0
Putnam,2019-2020,July,5925.0,5925.0,2,81.0,3.0,18,53.0
Putnam,2019-2020,Aug,9952.0,9952.0,2,92.0,4.0,11,91.5
Putnam,2019-2020,Sept,6250.0,6250.0,0,88.0,5.0,700,700.0
Putnam,2019-2020,Oct,3820.0,3820.0,0,4.4,0.0,28,65.0
Putnam,2019-2020,Nov,2160.0,2160.0,1,43.0,0.0,12,32.0
Putnam,2019-2020,Dec,2750.0,2160.0,0,41.0,0.0,14,28.0
Putnam,2019-2020,Jan,14340.0,14340.0,5,111.0,2.0,54,28.0
Putnam,2019-2020,Feb,6590.0,6590.0,2,56.0,3.0,15,48.0
Putnam,2019-2020,Mar,4200.0,4200.0,0,27.0,3.0,75,199.0
Putnam,2019-2020,Apr,3600.0,3600.0,1,40.0,4.0,7,14.0
Putnam,2019-2020,May,8290.0,8290.0,0,71.0,0.0,7,7.0
Putnam,2019-2020,June,8900.0,8900.0,0,107.0,3.0,22,28.0
Rhea,2019-2020,July,3500.0,30.0,0,112.37,0.0,0,0.0
Rhea,2019-2020,Aug,3600.0,40.0,0,128.46,0.0,0,0.0
Rhea,2019-2020,Sept,3500.0,30.0,0,127.44,0.0,0,0.0
Rhea,2019-2020,Oct,4500.0,40.0,0,151.69,0.0,0,0.0
Rhea,2019-2020,Nov,3500.0,30.0,0,100.6,0.0,0,0.0
Rhea,2019-2020,Dec,3000.0,35.0,0,100.6,0.0,0,0.0
Rhea,2019-2020,Jan,4000.0,45.0,0,182.61,0.0,0,0.0
Rhea,2019-2020,Feb,3000.0,30.0,0,126.1,0.0,0,0.0
Rhea,2019-2020,Mar,2400.0,10.0,0,72.76,0.0,0,0.0
Rhea,2019-2020,Apr,1000.0,10.0,0,0.0,0.0,0,0.0
Rhea,2019-2020,May,1200.0,20.0,0,0.0,0.0,0,0.0
Rhea,2019-2020,June,30.0,0.0,9,58.64,0.0,0,0.0
Roane,2019-2020,July,5640.0,0.0,8,40.97,2.0,0,0.0
Roane,2019-2020,Aug,3225.0,0.0,0,25.0,0.0,0,0.0
Roane,2019-2020,Sept,4545.0,0.0,3,37.25,6.5,0,0.0
Roane,2019-2020,Oct,3555.0,0.0,4,26.0,3.0,0,0.0
Roane,2019-2020,Nov,3795.0,0.0,7,23.75,1.5,0,0.0
Roane,2019-2020,Dec,1140.0,0.0,1,1.1,5.75,0,0.0
Roane,2019-2020,Jan,3892.5,0.0,7,23.8,3.5,0,0.0
Roane,2019-2020,Feb,5422.5,0.0,5,27.9,1.5,0,0.0
Roane,2019-2020,Mar,4320.0,0.0,5,38.15,0.0,0,0.0
Roane,2019-2020,Apr,4305.0,0.0,2,28.6,0.0,0,0.0
Roane,2019-2020,May,3450.0,0.0,6,14.0,1.5,0,0.0
Roane,2019-2020,June,3120.0,0.0,2,16.4,0.0,0,0.0
Robertson,2019-2020,July,12460.0,156.0,3,53.5,0.0,0,0.0
Robertson,2019-2020,Aug,15880.0,52.0,5,61.5,0.0,0,0.0
Robertson,2019-2020,Sept,26.0,2.0,0,34.5,0.0,0,0.0
Robertson,2019-2020,Oct,12100.0,156.0,4,60.5,0.0,0,0.0
Robertson,2019-2020,Nov,6680.0,364.0,5,24.0,0.0,0,0.0
Robertson,2019-2020,Dec,6880.0,182.0,5,27.0,0.0,0,0.0
Robertson,2019-2020,Jan,10620.0,208.0,6,52.5,0.0,0,0.0
Robertson,2019-2020,Feb,11160.0,110.0,6,25.0,0.0,0,0.0
Robertson,2019-2020,Mar,12580.0,0.0,5,38.0,0.0,0,0.0
Robertson,2019-2020,Apr,0.0,0.0,0,0.0,0.0,0,0.0
Robertson,2019-2020,May,0.0,0.0,0,0.0,0.0,0,0.0
Robertson,2019-2020,June,0.0,0.0,0,0.0,0.0,0,0.0
Rutherford,2019-2020,July,7740.0,0.0,0,159.55,0.0,0,0.0
Rutherford,2019-2020,Aug,11500.0,0.0,0,145.8,0.0,0,0.0
Rutherford,2019-2020,Sept,5760.0,0.0,0,103.5,0.0,0,0.0
Rutherford,2019-2020,Oct,6980.0,0.0,0,146.25,0.0,0,0.0
Rutherford,2019-2020,Nov,6980.0,0.0,0,79.9,0.0,0,0.0
Rutherford,2019-2020,Dec,2640.0,0.0,0,74.3,0.0,0,0.0
Rutherford,2019-2020,Jan,7200.0,0.0,0,51.2,0.0,0,0.0
Rutherford,2019-2020,Feb,6040.0,0.0,0,53.6,0.0,0,0.0
Rutherford,2019-2020,Mar,9340.0,0.0,0,68.5,0.0,0,0.0
Rutherford,2019-2020,Apr,0.0,0.0,0,92.3,0.0,0,0.0
Rutherford,2019-2020,May,5400.0,0.0,0,86.1,0.0,0,0.0
Rutherford,2019-2020,June,6260.0,0.0,0,68.4,0.0,0,0.0
Scott,2019-2020,July,2190.0,0.0,1,12.0,4.0,0,0.0
Scott,2019-2020,Aug,1500.0,0.0,0,23.2,5.0,0,0.0
Scott,2019-2020,Sept,2060.0,0.0,1,36.6,0.0,0,0.0
Scott,2019-2020,Oct,3625.0,0.0,0,35.0,6.0,2,8.0
Scott,2019-2020,Nov,3200.0,0.0,0,38.6,4.0,0,0.0
Scott,2019-2020,Dec,5340.0,0.0,0,63.0,8.0,0,0.0
Scott,2019-2020,Jan,7340.0,0.0,0,119.8,2.3,1,0.0
Scott,2019-2020,Feb,3645.0,0.0,0,15.2,1.6,0,0.0
Scott,2019-2020,Mar,2285.0,0.0,0,12.6,2.4,0,0.0
Scott,2019-2020,Apr,500.0,0.0,0,5.0,1.0,0,0.0
Scott,2019-2020,May,1250.0,0.0,0,10.0,0.0,0,0.0
Scott,2019-2020,June,5690.0,0.0,0,10.0,0.0,0,0.0
Sequatchie,2019-2020,July,3715.0,3715.0,0,43.8,0.0,0,0.0
Sequatchie,2019-2020,Aug,2980.0,2980.0,0,31.1,0.0,0,0.0
Sequatchie,2019-2020,Sept,2080.0,2080.0,0,21.9,0.0,0,0.0
Sequatchie,2019-2020,Oct,3655.0,3655.0,1,31.1,1.0,0,0.0
Sequatchie,2019-2020,Nov,4150.0,4150.0,0,41.9,0.0,0,0.0
Sequatchie,2019-2020,Dec,3315.0,3315.0,2,23.4,0.0,0,0.0
Sequatchie,2019-2020,Jan,3540.0,3540.0,1,23.6,0.0,0,0.0
Sequatchie,2019-2020,Feb,1830.0,1830.0,1,14.9,0.0,19,76.0
Sequatchie,2019-2020,Mar,2380.0,2380.0,0,15.4,0.0,0,0.0
Sequatchie,2019-2020,Apr,95.0,95.0,0,111.0,0.0,0,0.0
Sequatchie,2019-2020,May,0.0,0.0,0,0.0,0.0,0,0.0
Sequatchie,2019-2020,June,2700.0,2700.0,0,26.4,0.0,0,0.0
Sevier,2019-2020,July,19800.0,0.0,0,43.3,134.8,4,32.0
Sevier,2019-2020,Aug,16640.0,0.0,0,61.4,48.8,36,93.0
Sevier,2019-2020,Sept,20500.0,0.0,0,111.3,31.3,131,385.0
Sevier,2019-2020,Oct,23640.0,0.0,0,116.2,43.7,46,158.0
Sevier,2019-2020,Nov,20320.0,0.0,0,87.9,48.7,111,532.0
Sevier,2019-2020,Dec,22480.0,0.0,0,87.3,44.4,2,30.0
Sevier,2019-2020,Jan,32040.0,0.0,0,89.8,64.6,2,14.0
Sevier,2019-2020,Feb,29800.0,0.0,0,87.7,64.8,15,64.0
Sevier,2019-2020,Mar,14850.0,0.0,0,76.7,12.0,9,104.0
Sevier,2019-2020,Apr,2900.0,0.0,0,10.0,2.0,6,24.0
Sevier,2019-2020,May,8400.0,0.0,0,22.6,19.8,6,24.0
Sevier,2019-2020,June,23960.0,0.0,0,123.2,31.7,0,0.0
Shelby,2019-2020,July,43400.0,0.0,83,277.0,6.0,0,0.0
Shelby,2019-2020,Sept,35360.0,0.0,49,184.0,4.0,0,0.0
Shelby,2019-2020,Oct,49680.0,0.0,25,99.0,6.0,0,0.0
Shelby,2019-2020,Nov,37940.0,0.0,41,70.0,6.0,25,100.0
Shelby,2019-2020,Dec,25820.0,0.0,37,135.0,4.0,0,0.0
Shelby,2019-2020,Jan,18800.0,0.0,22,125.0,2.0,0,0.0
Shelby,2019-2020,Feb,38500.0,0.0,26,182.0,4.0,0,0.0
Shelby,2019-2020,Mar,34160.0,0.0,41,202.0,4.0,0,0.0
Shelby,2019-2020,Apr,32018.0,0.0,42,120.0,3.0,0,0.0
Shelby,2019-2020,May,23200.0,0.0,42,109.0,2.0,0,0.0
Shelby,2019-2020,June,35950.0,0.0,87,153.0,4.0,0,0.0
Smith,2019-2020,July,8065.0,0.0,0,86.8,0.0,0,0.0
Smith,2019-2020,Aug,0.0,0.0,0,86.8,0.0,0,0.0
Smith,2019-2020,Sept,3875.2,0.0,0,58.3,0.0,0,0.0
Smith,2019-2020,Oct,3130.0,0.0,0,47.8,0.0,0,0.0
Smith,2019-2020,Nov,1410.0,0.0,0,23.3,0.0,0,0.0
Smith,2019-2020,Dec,4940.0,0.0,0,57.5,0.0,0,0.0
Smith,2019-2020,Jan,3125.0,0.0,0,42.1,0.0,0,0.0
Smith,2019-2020,Feb,3650.0,0.0,0,44.1,0.0,0,0.0
Smith,2019-2020,Mar,32.9,0.0,0,51.9,0.0,0,0.0
Smith,2019-2020,Apr,2730.0,0.0,0,46.0,0.0,0,0.0
Smith,2019-2020,May,2660.0,0.0,0,72.0,0.0,0,0.0
Smith,2019-2020,June,2585.0,0.0,0,44.2,0.0,0,0.0
Stewart,2019-2020,July,2350.0,2350.0,0,8.2,47.0,0,0.0
Stewart,2019-2020,Aug,2580.0,2580.0,0,31.9,15.5,0,0.0
Stewart,2019-2020,Sept,3399.0,3399.0,0,22.7,23.2,0,0.0
Stewart,2019-2020,Oct,5965.0,5965.0,0,23.6,15.0,0,0.0
Stewart,2019-2020,Nov,9826.0,9826.0,2,9.5,11.3,0,0.0
Stewart,2019-2020,Dec,0.0,0.0,0,0.0,0.0,0,0.0
Stewart,2019-2020,Jan,5638.0,0.0,0,8.0,5.005638,0,0.0
Stewart,2019-2020,Feb,3780.0,378.0,0,3.0,11.2,0,0.0
Stewart,2019-2020,Mar,0.0,0.0,0,0.0,0.0,0,0.0
Stewart,2019-2020,Apr,0.0,0.0,0,0.0,0.0,0,0.0
Stewart,2019-2020,May,1675.0,1675.0,0,3.25,0.5,0,0.0
Stewart,2019-2020,June,9277.0,9277.0,0,18.25,17.5,0,0.0
Sullivan,2019-2020,July,516922.0,509552.0,1,144.0,22.0,0,0.0
Sullivan,2019-2020,Aug,476842.0,464060.0,0,243.0,97.0,0,0.0
Sullivan,2019-2020,Sept,380700.0,380700.0,0,107.0,65.0,0,0.0
Sullivan,2019-2020,Oct,436641.0,428630.0,0,101.0,100.0,0,0.0
Sullivan,2019-2020,Nov,541349.0,534590.0,0,132.0,29.0,0,0.0
Sullivan,2019-2020,Dec,591837.0,584230.0,0,100.0,67.0,0,0.0
Sullivan,2019-2020,Jan,524290.57,524290.57,0,102.0,53.0,0,0.0
Sullivan,2019-2020,Feb,475860.0,475860.0,0,82.0,27.0,0,0.0
Sullivan,2019-2020,Mar,591837.0,440880.0,0,70.0,14.0,0,0.0
Sullivan,2019-2020,Apr,0.0,0.0,0,0.0,0.0,0,0.0
Sullivan,2019-2020,May,591837.0,294720.0,0,37.0,1.0,0,0.0
Sullivan,2019-2020,June,591837.0,473644.0,0,92.0,7.0,0,0.0
Sumner,2019-2020,July,8460.0,50.0,3,102.89,0.0,0,0.0
Sumner,2019-2020,Aug,6720.0,3.0,6,93.92,0.0,0,0.0
Sumner,2019-2020,Sept,5780.0,4.0,4,105.0,0.0,0,0.0
Sumner,2019-2020,Oct,6320.0,5.0,8,77.12,0.0,0,0.0
Sumner,2019-2020,Nov,5200.0,5.0,4,52.82,0.0,0,0.0
Sumner,2019-2020,Dec,6540.0,3.0,17,86.97,0.0,0,0.0
Sumner,2019-2020,Jan,6600.0,5.0,6,81.67,0.0,0,0.0
Sumner,2019-2020,Feb,5340.0,3.0,9,84.7,0.0,0,0.0
Sumner,2019-2020,Mar,5020.0,4.0,3,41.36,0.0,0,0.0
Sumner,2019-2020,Apr,640.0,0.0,3,0.0,0.0,0,0.0
Sumner,2019-2020,May,0.0,0.0,0,0.0,0.0,0,0.0
Sumner,2019-2020,June,0.0,0.0,0,0.0,0.0,0,0.0
Tipton,2019-2020,July,11490.0,50.0,8,12.1,0.0,0,0.0
Tipton,2019-2020,Aug,8350.0,10.0,8,14.0,0.0,0,0.0
Tipton,2019-2020,Sept,16145.0,4135.0,8,15.8,0.0,12,24.0
Tipton,2019-2020,Oct,10100.0,120.0,8,13.4,0.0,47,72.0
Tipton,2019-2020,Nov,7270.0,70.0,90,7.2,0.0,0,0.0
Tipton,2019-2020,Dec,4720.0,120.0,2,4.0,0.0,0,0.0
Tipton,2019-2020,Jan,5840.0,40.0,10,3.1,0.0,0,0.0
Tipton,2019-2020,Feb,2720.0,100.0,17,1.5,0.0,0,0.0
Tipton,2019-2020,Mar,6420.0,180.0,10,6.2,0.0,0,0.0
Tipton,2019-2020,Apr,0.0,0.0,0,0.0,0.0,0,0.0
Tipton,2019-2020,May,120.0,0.0,0,4.0,0.0,0,0.0
Tipton,2019-2020,June,10480.0,520.0,13,10.6,0.0,0,0.0
Trousdale,2019-2020,July,13215.0,3933.0,0,460.0,0.0,0,0.0
Trousdale,2019-2020,Aug,10590.0,10590.0,0,450.0,0.0,0,0.0
Trousdale,2019-2020,Sept,12075.0,12075.0,0,485.0,0.0,0,0.0
Trousdale,2019-2020,Oct,2511.0,2511.0,0,630.0,0.0,0,0.0
Trousdale,2019-2020,Nov,12600.0,12600.0,0,458.0,0.0,0,0.0
Trousdale,2019-2020,Dec,7590.0,7590.0,0,367.0,0.0,0,0.0
Trousdale,2019-2020,Jan,13305.0,13305.0,0,536.0,0.0,0,0.0
Trousdale,2019-2020,Feb,11235.0,11235.0,0,348.0,0.0,0,0.0
Trousdale,2019-2020,Mar,570.5,570.5,0,0.0,0.0,0,0.0
Trousdale,2019-2020,Apr,0.0,0.0,0,0.0,0.0,0,0.0
Trousdale,2019-2020,May,0.0,0.0,0,0.0,0.0,0,0.0
Trousdale,2019-2020,June,0.0,0.0,0,0.0,0.0,0,0.0
Unicoi,2019-2020,July,3000.0,0.0,0,270.0,14.0,0,0.0
Unicoi,2019-2020,Aug,6246.0,0.0,1,81.0,32.0,0,0.0
Unicoi,2019-2020,Sept,744.0,0.0,2,130.0,72.0,0,0.0
Unicoi,2019-2020,Oct,6180.0,0.0,0,124.0,58.0,0,0.0
Unicoi,2019-2020,Nov,5456.0,0.0,0,108.0,46.0,0,0.0
Unicoi,2019-2020,Dec,6496.0,0.0,0,114.0,6.0,0,0.0
Unicoi,2019-2020,Jan,7426.0,0.0,0,111.0,14.0,0,0.0
Unicoi,2019-2020,Feb,5480.0,0.0,1,103.0,32.0,0,0.0
Unicoi,2019-2020,Mar,3337.0,0.0,0,42.0,26.0,0,0.0
Unicoi,2019-2020,Apr,0.0,0.0,0,0.0,0.0,0,0.0
Unicoi,2019-2020,May,0.0,0.0,0,49.0,26.0,0,0.0
Unicoi,2019-2020,June,5334.0,0.0,1,102.0,72.0,0,0.0
Union,2019-2020,July,4680.0,0.0,8,11.1,0.0,0,0.0
Union,2019-2020,Aug,19580.0,0.0,15,15.1,0.0,0,0.0
Union,2019-2020,Sept,10700.0,0.0,14,16.2,1.4,0,0.0
Union,2019-2020,Oct,6220.0,0.0,10,20.3,3.9,0,0.0
Union,2019-2020,Nov,7000.0,0.0,21,16.6,1.1,0,0.0
Union,2019-2020,Dec,4240.0,0.0,6,8.0,2.3,0,0.0
Union,2019-2020,Jan,10200.0,17.0,0,11.3,4.5,0,0.0
Union,2019-2020,Feb,7520.0,0.0,12,7.1,1.7,0,0.0
Union,2019-2020,Mar,13300.0,0.0,15,20.0,9.3,0,0.0
Union,2019-2020,Apr,5320.0,0.0,5,0.3,0.0,0,0.0
Union,2019-2020,May,7440.0,0.0,24,32.4,0.0,0,0.0
Union,2019-2020,June,17980.0,0.0,11,50.8,0.0,0,0.0
Van Buren,2019-2020,July,5628.0,3691.0,1,1976.0,0.0,0,0.0
Van Buren,2019-2020,Aug,6960.0,4800.0,1,1830.0,0.0,0,0.0
Van Buren,2019-2020,Sept,7160.0,5170.0,1,1452.0,0.0,0,0.0
Van Buren,2019-2020,Oct,6070.0,3670.0,2,1311.0,0.0,0,0.0
Van Buren,2019-2020,Nov,4950.0,2860.0,1,1277.0,0.0,0,0.0
Van Buren,2019-2020,Dec,6620.0,3180.0,1,1940.0,0.0,0,0.0
Van Buren,2019-2020,Jan,7050.0,5070.0,3,1570.0,0.0,0,0.0
Van Buren,2019-2020,Feb,4220.0,2680.0,2,1685.0,0.0,0,0.0
Van Buren,2019-2020,Mar,445.0,3560.0,0,1969.0,0.0,0,0.0
Van Buren,2019-2020,Apr,5935.0,4640.0,0,1820.0,0.0,0,0.0
Van Buren,2019-2020,May,2080.0,1240.0,0,1468.0,0.0,0,0.0
Van Buren,2019-2020,June,3350.0,2170.0,0,1030.0,0.0,0,0.0
Warren,2019-2020,July,3649.0,455.0,1,118.8,0.0,0,0.0
Warren,2019-2020,Aug,3823.0,445.0,1,124.7,0.0,0,0.0
Warren,2019-2020,Sept,4310.0,477.0,0,112.5,0.0,0,0.0
Warren,2019-2020,Oct,4276.0,482.0,6,129.3,0.0,0,0.0
Warren,2019-2020,Nov,3501.0,503.0,1,76.2,0.0,0,0.0
Warren,2019-2020,Dec,3501.0,477.0,1,112.5,0.0,0,0.0
Warren,2019-2020,Jan,5477.0,749.0,1,93.4,0.0,0,0.0
Warren,2019-2020,Feb,4052.0,489.0,0,82.2,0.0,0,0.0
Warren,2019-2020,Mar,2148.0,268.0,0,82.2,0.0,0,0.0
Warren,2019-2020,Apr,500.0,0.0,3,20.0,0.0,0,0.0
Warren,2019-2020,May,5889.0,9.0,2,1.9,0.0,0,0.0
Warren,2019-2020,June,226.0,0.0,3,115.0,0.0,0,0.0
Washington,2019-2020,July,17050.0,0.0,0,838.0,1229.0,0,0.0
Washington,2019-2020,Aug,20325.0,0.0,0,1155.0,1514.0,0,0.0
Washington,2019-2020,Sept,37050.0,0.0,0,888.0,1226.0,0,0.0
Washington,2019-2020,Oct,52125.0,0.0,1,358.0,726.0,0,0.0
Washington,2019-2020,Nov,72645.0,0.0,2,440.0,864.0,0,0.0
Washington,2019-2020,Dec,13700.0,0.0,2,185.0,0.0,0,0.0
Washington,2019-2020,Jan,80600.0,0.0,5,97.0,52.0,0,0.0
Washington,2019-2020,Feb,28770.0,0.0,2,55.0,21.0,0,0.0
Washington,2019-2020,Mar,55350.0,0.0,5,107.5,24.5,0,0.0
Washington,2019-2020,Apr,13625.0,0.0,2,39.5,12.0,0,0.0
Washington,2019-2020,May,16825.0,0.0,2,68.0,7.0,0,0.0
Washington,2019-2020,June,22250.0,0.0,0,90.0,66.5,0,0.0
Wayne,2019-2020,July,2800.0,1185.0,13,230.4,111.2,0,0.0
Wayne,2019-2020,Aug,3500.0,1201.0,9,250.8,103.1,0,0.0
Wayne,2019-2020,Sept,3127.0,1025.0,5,232.0,86.0,0,0.0
Wayne,2019-2020,Oct,3520.0,1515.0,10,178.5,80.0,2,6.0
Wayne,2019-2020,Nov,3100.0,1225.0,15,200.0,75.5,0,0.0
Wayne,2019-2020,Dec,2500.0,2500.0,8,232.2,65.0,0,0.0
Wayne,2019-2020,Jan,4834.0,2570.0,8,274.4,80.2,0,0.0
Wayne,2019-2020,Feb,2930.0,2473.0,4,223.5,100.6,0,0.0
Wayne,2019-2020,Mar,2795.0,1505.0,1,166.5,40.0,0,0.0
Wayne,2019-2020,Apr,3090.0,2915.0,0,168.8,53.1,0,0.0
Wayne,2019-2020,May,5405.0,2805.0,9,191.0,92.3,0,0.0
Wayne,2019-2020,June,3770.0,3473.0,0,142.5,77.3,0,0.0
Weakley,2019-2020,July,2485.0,280.0,3,28.05,0.0,5,24.0
Weakley,2019-2020,Aug,6680.0,90.0,2,29.5,0.0,15,38.0
Weakley,2019-2020,Sept,4980.0,65.0,5,27.67,0.0,15,22.0
Weakley,2019-2020,Oct,1821.0,50.0,6,19.2,0.0,35,810.0
Weakley,2019-2020,Nov,4010.0,95.0,7,19.73,0.0,18,42.0
Weakley,2019-2020,Dec,5890.0,65.0,10,25.88,0.0,13,42.0
Weakley,2019-2020,Jan,4808.0,35.0,6,22.71,0.0,26,87.0
Weakley,2019-2020,Feb,3550.0,50.0,8,10.1,0.0,3,12.0
Weakley,2019-2020,Mar,1150.0,45.0,0,12.0,0.0,3,8.0
Weakley,2019-2020,Apr,350.0,30.0,0,12.0,0.0,0,0.0
Weakley,2019-2020,May,5512.0,120.0,12,16.0,0.0,18,94.0
Weakley,2019-2020,June,4099.0,40.0,4,11.75,0.0,15,45.0
White,2019-2020,July,18090.0,0.0,1,259.7,101.62,0,0.0
White,2019-2020,Aug,1000.0,0.0,3,183.0,20.0,87,327.0
White,2019-2020,Sept,1000.0,0.0,1,107.5,22.5,211,738.5
White,2019-2020,Oct,8400.0,0.0,0,110.0,33.0,12,84.0
White,2019-2020,Nov,2489.0,0.0,0,196.0,80.0,0,0.0
White,2019-2020,Dec,17569.0,0.0,0,309.4,24.0,0,0.0
White,2019-2020,Jan,17569.0,0.0,5,223.1,24.0,8,80.0
White,2019-2020,Feb,19531.0,0.0,4,307.0,83.0,14,220.0
White,2019-2020,Mar,11214.0,0.0,0,155.0,27.3,7,56.0
White,2019-2020,Apr,3140.0,0.0,7,58.0,51.0,2,8.0
White,2019-2020,May,3255.0,0.0,17,318.9,32.0,6,6.0
White,2019-2020,June,2340.0,0.0,6,174.9,22.9,6,6.0
Williamson,2019-2020,July,3640.0,0.0,0,26.0,0.1,0,0.0
Williamson,2019-2020,Aug,5645.0,235.0,5,22.9,5.0,0,0.0
Williamson,2019-2020,Sept,17190.0,420.0,7,64.8,5.7,0,0.0
Williamson,2019-2020,Oct,21020.0,1030.0,0,61.1,29.2,0,0.0
Williamson,2019-2020,Nov,7795.0,535.0,3,52.3,0.3,0,0.0
Williamson,2019-2020,Dec,5190.0,690.0,5,24.1,0.2,0,0.0
Williamson,2019-2020,Jan,3035.0,555.0,4,1.9,1.8,0,0.0
Williamson,2019-2020,Feb,3017.0,207.0,3,9.0,1.4,0,0.0
Williamson,2019-2020,Mar,8110.0,1060.0,3,15.0,4.4,0,0.0
Williamson,2019-2020,Apr,2802.0,272.0,7,1.3,1.8,0,0.0
Williamson,2019-2020,May,3955.0,555.0,1,1.1,1.1,0,0.0
Williamson,2019-2020,June,2145.0,15.0,6,0.6,1.4,0,0.0
Wilson,2019-2020,July,23095.0,0.0,0,28.5,0.0,0,0.0
Wilson,2019-2020,Aug,27185.0,0.0,0,32.9,0.0,0,0.0
Wilson,2019-2020,Sept,26605.0,0.0,0,53.8,0.0,0,0.0
Wilson,2019-2020,Oct,12110.0,0.0,0,19.8,0.0,0,0.0
Wilson,2019-2020,Nov,31445.0,0.0,0,40.3,2.3,0,0.0
Wilson,2019-2020,Dec,28645.0,0.0,0,33.0,6.6,0,0.0
Wilson,2019-2020,Jan,37655.0,0.0,0,43.0,9.1,0,0.0
Wilson,2019-2020,Feb,33430.0,0.0,0,36.9,4.1,0,0.0
Wilson,2019-2020,Mar,21465.0,0.0,0,32.1,3.6,0,0.0
Wilson,2019-2020,Apr,0.0,0.0,0,0.0,0.0,0,0.0
Wilson,2019-2020,May,0.0,0.0,0,0.0,0.0,0,0.0
Wilson,2019-2020,June,0.0,0.0,0,0.0,0.0,0,0.0
